per Act; per Rep; id, p1x, p1y, p1z, p2x, p2y, p2z, growth_rate,directions
0.00

acts
0,31.6,31.47,0.26,30.23,35.14,0.26,0.27
1,66.53,35.86,0.32,64.5,29.92,0.32,1.64
2,72.49,46.07,0.11,76.68,43.76,0.11,1.64
3,7.14,32.26,0.01,5.33,27.94,0.01,1.64

0.50

acts
0,31.67,31.29,0.5,30.16,35.33,0.5,0.27
1,65.47,32.66,0.5,67.18,37.79,0.5,1.64
2,73.03,45.85,0.51,71.18,46.78,0.5,1.64
3,6.33,30.26,0.51,7.72,33.63,0.5,1.64
4,65.13,31.73,0.51,63.98,28.42,0.49,1.64
5,73.95,45.33,0.51,77.75,43.17,0.5,1.64
6,5.88,29.19,0.51,4.83,26.74,0.5,1.64

1.00

acts
0,31.74,31.09,0.5,30.08,35.53,0.5,0.27
1,66.14,34.85,0.51,65.73,31.62,0.49,1.64
2,73.45,46.25,0.51,69.68,47.41,0.5,1.64
3,6.38,30.02,0.5,8.63,35.89,0.5,1.64
4,64.81,32.28,0.51,63.33,26.38,0.5,1.64
5,76.62,43.66,0.51,73.22,45.28,0.5,1.64
6,5.79,29.23,0.51,3.95,24.69,0.5,1.64
7,66.78,35.88,0.5,67.86,40.01,0.5,1.64
8,77.51,43.22,0.51,79.42,42.25,0.5,1.64

1.50

acts
0,31.82,30.87,0.5,30,35.74,0.5,0.27
1,65.92,35.93,0.5,65.83,30.2,0.5,1.64
2,74.79,45.98,0.5,68.39,47.84,0.5,1.64
3,7.47,33.26,0.5,6.26,28.24,0.5,1.64
4,63.92,28.87,0.5,64.9,34.25,0.5,1.64
5,77.09,43.89,0.5,71.02,46.04,0.5,1.64
6,5,27.74,0.51,5.81,30.62,0.5,1.64
7,66.9,34.62,0.5,68.19,41.58,0.5,1.64
8,77.45,42.91,0.51,81.18,41.39,0.5,1.64
9,8.14,33.99,0.51,9.23,37.61,0.5,1.64
10,63.65,27.89,0.5,62.99,24.91,0.5,1.64
11,4.63,26.8,0.51,3.45,23.27,0.5,1.64

2.00

acts
0,31.91,30.65,0.5,29.92,35.96,0.5,0.27
1,65.9,33.37,0.5,65.87,37.63,0.5,1.64
2,71.97,46.69,0.5,76.75,45.39,0.5,1.64
3,6.68,29.84,0.51,7.46,34.73,0.5,1.64
4,64.62,31.89,0.51,64.36,27.81,0.49,1.64
5,74.54,44.95,0.51,79.13,43.29,0.5,1.64
6,5.26,26.97,0.5,6.02,32.27,0.5,1.64
7,66.91,36.62,0.51,66.92,33.07,0.5,1.64
8,76.14,43.29,0.5,82.48,40.9,0.5,1.64
9,8.15,32.74,0.5,9.57,39.04,0.5,1.64
10,63.38,28.64,0.5,62.71,23.23,0.5,1.64
11,4.37,27.74,0.5,2.96,21.53,0.5,1.64
12,67.84,36.81,0.5,68.44,43.33,0.5,1.64
13,71.2,47.4,0.51,66.59,48.3,0.5,1.64
14,73.52,45.09,0.5,69.47,46.52,0.5,1.64
15,65.92,31.93,0.51,65.69,28.71,0.5,1.64
16,64.92,32.85,0.5,64.89,36.34,0.5,1.64
17,6.53,28.84,0.51,6.23,26.75,0.5,1.64

2.50

acts
0,31.99,30.42,0.5,29.83,36.19,0.5,0.27
1,66.03,35.5,0.51,66.28,32.81,0.51,1.64
2,74.83,46.3,0.51,70.71,46.91,0.5,1.64
3,7.29,33.59,0.51,6.58,29.42,0.48,1.64
4,64.04,32.85,0.51,64.47,26.01,0.5,1.64
5,78,43.95,0.5,73.71,45.47,0.5,1.64
6,5.59,29.45,0.51,5.11,25.22,0.5,1.64
7,66.77,38.23,0.5,67.34,32.09,0.49,1.64
8,79.88,42.29,0.5,74.2,43.17,0.5,1.64
9,8.54,35.33,0.5,7.94,31.16,0.5,1.64
10,63.4,26.45,0.5,63.21,30.34,0.5,1.64
11,4.1,24.96,0.5,4.59,29.7,0.5,1.64
12,67.75,38.42,0.5,68.05,35.25,0.5,1.64
13,69.7,48.01,0.51,72.45,47.71,0.5,1.64
14,74.18,44.16,0.5,67.76,47.21,0.5,1.64
15,65.95,31.91,0.51,65.46,25.87,0.5,1.64
16,65.07,32.34,0.49,64.79,38.39,0.5,1.64
17,6.55,28.43,0.51,6,24.47,0.49,1.64
18,80.22,41.37,0.51,84.01,40.33,0.5,1.64
19,68.54,39,0.5,68.46,45.08,0.5,1.64
20,9.37,35.86,0.51,9.88,40.81,0.5,1.64
21,3.36,24.31,0.5,2.63,20.09,0.5,1.64
22,62.9,25.61,0.51,62.56,21.96,0.5,1.64
23,5.74,30.42,0.51,6.18,33.48,0.5,1.64
24,75.78,46.04,0.51,78.24,45.45,0.5,1.64
25,78.95,43.68,0.5,80.87,42.97,0.5,1.64
26,7.39,34.58,0.51,7.86,37.03,0.5,1.64
27,68.72,48.12,0.51,65.2,48.5,0.5,1.64
28,65.93,36.47,0.51,65.66,39.78,0.5,1.64

3.00

acts
0,32.08,30.19,0.5,29.75,36.42,0.5,0.27
1,66.32,35.64,0.5,67.24,30.79,0.49,1.64
2,76.06,46.86,0.5,69.13,47.4,0.49,1.64
3,7.72,34.64,0.51,6.17,27.78,0.5,1.64
4,64.09,28.61,0.51,63.46,34.54,0.5,1.64
5,76.76,44.33,0.51,78.76,43.4,0.49,1.64
6,5.17,29.63,0.51,4.89,22.57,0.5,1.64
7,67.06,36.3,0.5,66.48,40.17,0.5,1.64
8,78.05,42.47,0.51,81.41,41.89,0.5,1.64
9,8.85,36.68,0.49,8.38,29.67,0.49,1.64
10,63.55,25.15,0.5,62.69,31.69,0.5,1.64
11,4.06,26.45,0.5,3.94,23.35,0.5,1.64
12,67.55,39.7,0.5,68.61,34.15,0.5,1.64
13,69.83,48.35,0.5,74.86,47.94,0.5,1.64
14,70.04,45.88,0.49,76.28,43.33,0.5,1.64
15,65.83,28.96,0.5,65.8,33.07,0.51,1.64
16,64.8,33.74,0.51,64.83,31,0.49,1.64
17,7.53,29.16,0.51,5.89,22.61,0.5,1.64
18,78.8,41.37,0.5,85.33,40.04,0.5,1.64
19,68.7,40.92,0.5,68.98,37.46,0.5,1.64
20,9.9,37.8,0.51,9.71,34.46,0.5,1.64
21,2.94,22.73,0.51,3.04,25.74,0.5,1.64
22,62.34,26.79,0.5,62.53,20.48,0.5,1.64
23,5.75,30.43,0.49,5.74,35.94,0.51,1.64
24,75.07,45.95,0.5,79.71,45.35,0.49,1.64
25,78.8,44.46,0.51,82.25,42.57,0.5,1.64
26,6.73,34.84,0.49,8.58,39.09,0.5,1.64
27,68.85,48.35,0.51,62.74,48.91,0.5,1.64
28,65.66,36.36,0.5,65.4,42.2,0.5,1.64
29,69.17,46.34,0.51,66.09,47.61,0.49,1.64
30,65.04,28.37,0.5,64.46,24.49,0.5,1.64
31,67.38,35.36,0.51,68.26,30.69,0.5,1.64
32,66.06,28,0.5,65.32,23.65,0.5,1.64
33,64.74,34.72,0.5,64.49,40.41,0.5,1.64
34,68.61,41.91,0.5,68.21,45.66,0.49,0
35,77.13,42.16,0.5,72.59,43.01,0.5,1.64
36,9.84,38.78,0.51,9.97,42.19,0.5,1.64
37,75.81,44.58,0.51,72.17,46.08,0.5,1.64
38,4.1,27.44,0.5,4.23,30.76,0.49,1.64
39,2.82,21.7,0.51,2.5,18.92,0.5,1.64

3.50

acts
0,30.96,33.3,0.51,32.2,29.86,0.5,0.27
1,66.89,34.25,0.51,66.42,36.69,0.52,1.64
2,72.74,47.28,0.49,78.48,47.28,0.49,1.64
3,6.61,32.2,0.5,8.12,36.02,0.51,1.64
4,63.92,31.49,0.5,64,27.03,0.51,1.64
5,76.67,45.16,0.51,80.17,42.84,0.49,1.64
6,5.04,27.84,0.49,4.61,31.48,0.51,1.64
7,67.49,36.52,0.48,66.13,43,0.49,1.64
8,78.19,42.06,0.52,84.13,41.46,0.5,1.64
9,9.41,34.16,0.51,8.77,38.1,0.49,1.64
10,62.85,28.2,0.5,63.52,23.15,0.5,1.64
11,3.95,26.53,0.51,3.95,21.01,0.5,1.64
12,68.04,38.63,0.51,67.43,41.54,0.5,1.64
13,73.1,48.48,0.51,69.75,48.71,0.48,1.64
14,73.23,44.44,0.51,68.35,45.73,0.49,1.64
15,66.46,27.88,0.51,65.84,34.74,0.48,1.64
16,64.85,34.26,0.51,64.94,29.28,0.49,1.64
17,7.35,27.69,0.51,8.17,30.5,0.48,1.64
18,79.55,40.93,0.48,76.2,40.44,0.51,1.64
19,68.44,41.58,0.5,69.67,35.65,0.49,1.64
20,10.81,38.63,0.5,10.27,32.77,0.5,1.64
21,2.96,22.45,0.5,2.97,27.84,0.5,1.64
22,62.54,23.17,0.51,61.78,28.77,0.5,1.64
23,5.45,32.95,0.51,5.79,29.35,0.48,1.64
24,75.96,46.15,0.51,73.81,46.32,0.5,1.64
25,78.17,45.33,0.51,84.16,42.45,0.49,1.64
26,7.42,36.92,0.51,6.13,33.65,0.49,1.64
27,64.45,48.6,0.49,69.34,49.6,0.51,1.64
28,65.75,37.73,0.49,64.96,35.32,0.52,1.64
29,69.54,46.47,0.52,63.82,47.72,0.5,1.64
30,65.42,28.44,0.49,64.31,21.91,0.5,1.64
31,68.21,32.77,0.51,67.7,35.57,0.51,1.64
32,66.97,26.4,0.52,67.6,28.22,0.49,1.64
33,64.17,36.81,0.51,63.9,34.3,0.48,1.64
34,68.93,42.43,0.5,67.21,45.82,0.51,0
35,73.29,42.46,0.51,77.33,41.6,0.49,1.64
36,9.76,38.16,0.51,10.18,44.12,0.5,1.64
37,76.59,44.05,0.49,70.49,46.69,0.48,1.64
38,3.99,27.51,0.49,3.45,33.33,0.49,1.64
39,2.26,21.77,0.5,2.33,16.73,0.5,1.64
40,71.8,47.57,0.51,67.52,47.92,0.5,1.64
41,7.69,32.17,0.52,5.96,26.39,0.52,1.64
42,4.94,26.86,0.51,4.92,20.44,0.49,1.64
43,8.43,34.13,0.51,9.7,28.14,0.5,1.64
44,73.22,43.46,0.48,77.77,42.93,0.49,1.64
45,80.52,40.84,0.52,85.94,38.31,0.49,1.64
46,62.98,29.17,0.51,62.07,33.45,0.49,1.64
47,7.08,26.75,0.5,5.91,20.35,0.5,1.64
48,61.98,22.36,0.5,62.64,19.2,0.5,1.64
49,64.12,49.53,0.51,60.52,49,0.49,1.64
50,63.31,32.26,0.51,62.47,36.13,0.51,1.64
51,68.24,37.66,0.51,69.2,32.88,0.5,1.64
52,65.18,38.5,0.51,65.14,44,0.5,1.64
53,4.93,33.79,0.5,5.36,37.72,0.5,1.64
54,64.19,37.78,0.49,64.17,43.02,0.5,1.64
55,74.05,48.27,0.51,77.5,48.25,0.5,1.64
56,66.96,33.31,0.51,67.7,29.15,0.5,1.64
57,76.93,46.3,0.51,81.04,46.27,0.49,1.64
58,72.42,42.9,0.51,70.44,43.48,0.5,1.64
59,7.59,37.88,0.51,8.71,40.36,0.5,1.64
60,68.23,31.79,0.51,68.85,28.31,0.5,1.64
61,30.61,34.24,0.51,29.71,36.52,0.5,1.64
62,66.59,25.51,0.51,65.29,21.78,0.5,1.64

4.00

acts
0,31.1,32.92,0.5,32.47,29.11,0.5,0.27
1,67.99,34.04,0.52,66.44,38.39,0.51,1.64
2,76.27,47.67,0.5,71.8,47.63,0.49,1.64
3,6.06,30.92,0.51,8.26,37.39,0.52,1.64
4,63.75,29.85,0.52,63.77,31.53,0.48,1.64
5,75.56,45.69,0.52,81.97,42.98,0.52,1.64
6,5,27.18,0.49,3.47,33.3,0.51,1.64
7,66.17,41.99,0.53,68.32,36.04,0.49,1.64
8,83.13,42.09,0.5,77.77,41.65,0.51,1.64
9,10.67,33.22,0.48,8.55,39.58,0.49,1.64
10,62.72,25.41,0.5,61.79,28.74,0.48,1.64
11,3.85,22.15,0.48,3.2,26.82,0.52,1.64
12,68.31,38.92,0.48,66.49,43.9,0.49,1.64
13,73.8,49.67,0.5,67.88,49.52,0.48,1.64
14,70.54,44.79,0.51,75.04,43.56,0.51,1.64
15,66.77,30.35,0.52,67.51,27.1,0.51,1.64
16,64.54,32.19,0.49,64.85,34.9,0.52,1.64
17,8.6,27.51,0.51,8.73,32.8,0.48,1.64
18,79.75,39.42,0.5,73.78,39.41,0.51,1.64
19,69.28,39.07,0.52,67.98,42.6,0.46,1.64
20,11.47,37.66,0.5,11.25,40.12,0.49,1.64
21,2.42,25.4,0.51,2.91,20.9,0.49,1.64
22,61.81,24.34,0.5,62.48,21.47,0.51,1.64
23,4.36,33.72,0.51,5.88,27.63,0.5,1.64
24,76.44,46.65,0.48,72.38,46.66,0.52,1.64
25,82.96,44.23,0.51,77.21,46.06,0.52,1.64
26,7.59,38.44,0.5,5.63,32.65,0.48,1.64
27,65.64,49.45,0.5,63.13,48.61,0.5,1.64
28,65.7,40.44,0.48,64.74,35.86,0.47,1.64
29,65.8,47.55,0.52,70.64,45.85,0.53,1.64
30,65.25,25.12,0.48,66.03,29.25,0.48,1.64
31,70.27,30.24,0.48,68.64,35.13,0.52,1.64
32,67.15,24.53,0.51,69.32,27.56,0.49,1.64
33,63.16,37.11,0.52,63.59,32.47,0.52,1.64
34,69.13,42.69,0.54,66.65,45.56,0.53,0
35,72.1,42.09,0.48,78.78,40.39,0.48,1.64
36,10.13,41.55,0.5,10.6,36.48,0.51,1.64
37,71.96,45.6,0.5,77.96,43.63,0.48,1.64
38,2.86,31.75,0.52,3.93,27.45,0.48,1.64
39,2.19,18.56,0.5,1.67,23.26,0.5,1.64
40,69.79,48.53,0.51,72.58,48.64,0.51,1.64
41,6.93,30.49,0.5,7.97,33.56,0.51,1.64
42,6.09,22.22,0.49,4.24,26.52,0.51,1.64
43,10.27,31.72,0.52,8.63,35.45,0.51,1.64
44,74.04,42.82,0.5,71.81,43.11,0.5,1.64
45,82.68,40.19,0.49,79.65,40.83,0.52,1.64
46,61.52,32.18,0.51,62.77,28.87,0.51,1.64
47,6.68,24.03,0.51,7.73,27.06,0.48,1.64
48,60.62,23.33,0.5,62.88,18.07,0.5,1.64
49,65.28,50.36,0.5,59.22,48.74,0.5,1.64
50,62.78,31.62,0.51,61.17,38.12,0.51,1.64
51,69.72,34.96,0.51,68.74,38.06,0.52,1.64
52,64.28,42.37,0.53,64.08,37.35,0.52,1.64
53,3.55,34.29,0.49,5.98,40.51,0.51,1.64
54,63.28,41.04,0.49,62.31,37.56,0.48,1.64
55,73.55,48.63,0.5,79.49,49.61,0.5,1.64
56,66.77,34.65,0.47,68.33,27.85,0.49,1.64
57,77.19,47.25,0.52,84.04,46.63,0.5,1.64
58,71.51,41.29,0.5,69.05,44.33,0.47,1.64
59,6.07,38.06,0.5,9.13,41.98,0.5,1.64
60,68.29,32.36,0.52,70.76,26.7,0.51,1.64
61,30.8,33.85,0.5,29.11,38.03,0.5,1.64
62,66.43,26.14,0.5,65.35,19.53,0.5,1.64
63,65.69,30.15,0.52,65.88,36.6,0.53,1.64
64,82.88,43.26,0.49,85.95,42.02,0.49,1.64
65,71.43,46.55,0.47,68.62,47.6,0.48,1.64
66,65.29,42.34,0.47,65.73,45.23,0.48,1.64
67,64.98,24.19,0.52,64.29,19.02,0.49,1.64
68,7.48,23.45,0.49,5.79,17.68,0.5,1.64
69,4.82,22.72,0.51,4.94,18.28,0.49,1.64
70,83.01,41.1,0.51,85.93,41.05,0.5,1.64
71,81.94,39.35,0.51,85.92,35.93,0.49,1.64
72,69.73,38.23,0.49,71.15,33.75,0.49,1.64
73,9.96,42.51,0.51,10.3,45.77,0.5,1.64
74,7.68,29.87,0.51,5.98,24.96,0.51,1.64
75,9.66,30.97,0.49,10.64,26.56,0.5,1.64
76,77.09,48.23,0.48,80.6,47.91,0.49,1.64
77,64.87,47.19,0.5,61.95,47.86,0.5,1.64
78,11.59,36.68,0.51,11.68,31.06,0.51,1.64
79,61.5,25.28,0.51,60.52,30.09,0.51,1.64
80,2.04,32.27,0.49,2.76,35.9,0.5,1.64
81,3.89,21.18,0.52,3.9,18.36,0.49,1.64
82,2.17,26.36,0.49,2.48,29.25,0.5,1.64
83,64.43,43.33,0.52,64.84,45.8,0.51,1.64
84,62.79,24.43,0.51,63.58,21.01,0.49,1.64
85,63.27,42.02,0.49,63.79,45.51,0.5,1.64
86,69.64,45.14,0.47,67.66,45.87,0.47,1.64
87,66.33,50.15,0.51,70.35,51.1,0.51,1.64
88,64.74,31.24,0.51,64.69,27.29,0.52,1.64
89,2.29,17.58,0.5,2.4,15.5,0.5,1.64
90,70.02,34.04,0.51,71.09,30.87,0.51,1.64
91,74.99,42.54,0.5,78.96,42.72,0.49,1.64
92,68.82,48.57,0.52,65.86,48.5,0.51,1.64
93,63.74,28.88,0.51,63.71,24.72,0.48,1.64
94,61.25,33.13,0.51,60.43,35.33,0.5,1.64

4.50

acts
0,30.92,32.47,0.5,32.75,28.4,0.5,0.27
1,67.61,36.68,0.47,69.02,34.12,0.48,1.64
2,74.95,48.18,0.52,76.98,48.17,0.49,1.64
3,6.76,32.91,0.49,5.9,29.36,0.53,1.64
4,62.58,29.21,0.52,63.88,32.32,0.48,1.64
5,76.85,45.17,0.48,73.7,46.27,0.52,1.64
6,4.02,28.9,0.53,5.32,25.04,0.49,1.64
7,65.92,41.21,0.47,64.78,44.3,0.47,1.64
8,81.05,41.62,0.49,85.11,41.34,0.49,1.64
9,10.07,35.69,0.52,12.09,32.08,0.48,1.64
10,62.53,24.64,0.48,59.98,30.11,0.48,1.64
11,2.69,25.59,0.51,3.29,21.72,0.48,1.64
12,66.68,42.33,0.51,69.15,37.92,0.47,1.64
13,70.97,51.15,0.52,75.62,51.43,0.51,1.64
14,74.31,43.94,0.51,70.92,44.92,0.53,1.64
15,67.28,31.08,0.53,68.75,25.5,0.52,1.64
16,64.72,30.63,0.45,65.04,35.59,0.54,1.64
17,9.52,28.91,0.51,9.6,25.55,0.5,1.64
18,76.04,38.58,0.52,81.23,37.35,0.5,1.64
19,71.52,38.72,0.49,67.23,43.41,0.45,1.64
20,12.1,37.29,0.49,11.01,41.72,0.49,1.64
21,1.93,24.15,0.51,1.63,26.14,0.51,1.64
22,60.66,24.07,0.48,62.51,19.09,0.51,1.64
23,4.59,30.78,0.53,3.98,35.58,0.51,1.64
24,78.36,47.2,0.47,71.5,47.23,0.51,1.64
25,81.65,46.01,0.52,85.82,44.54,0.51,1.64
26,6.95,38.09,0.52,7.69,40.62,0.48,1.64
27,65.45,51.44,0.48,61.29,48.91,0.48,1.64
28,64.73,40.57,0.53,64.06,43.34,0.53,1.64
29,67.13,47.35,0.53,63.38,49.05,0.52,1.64
30,66.29,22.87,0.46,66.56,29.92,0.46,1.64
31,70.53,31.65,0.5,72.36,27.82,0.48,1.64
32,68.15,21.26,0.48,70.51,27.21,0.48,1.64
33,62.58,37.59,0.51,62.64,39.57,0.51,1.64
34,68.77,42.86,0.55,66.22,45.62,0.52,0
35,74.26,39.77,0.49,71.12,42.87,0.54,1.64
36,10.61,39.08,0.51,9.78,42.19,0.49,1.64
37,74.29,44.96,0.53,71.42,46.25,0.48,1.64
38,2.64,30.75,0.51,1.82,33.73,0.49,1.64
39,1.41,21.11,0.51,1.88,17.75,0.5,1.64
40,68.61,48.78,0.49,73.43,50.34,0.48,1.64
41,6.85,29.31,0.47,8.23,34.88,0.48,1.64
42,6,21.88,0.51,7.04,19.93,0.49,1.64
43,11.97,30.39,0.52,8.59,36.34,0.49,1.64
44,74.53,42.91,0.48,70.45,44.03,0.47,1.64
45,84.45,38.92,0.49,79.03,40.04,0.48,1.64
46,59.85,32.67,0.52,62.4,27.09,0.53,1.64
47,7.04,22.5,0.49,8.57,27.98,0.49,1.64
48,60.76,21.01,0.51,59.43,24.52,0.5,1.64
49,62.71,50.91,0.51,65.73,52.75,0.49,1.64
50,61.82,33.75,0.47,62.01,30.27,0.47,1.64
51,71.53,33.86,0.49,69.6,39.28,0.53,1.64
52,63.59,39.75,0.5,62.99,43.1,0.52,1.64
53,4.98,38.31,0.51,1.94,34.71,0.48,1.64
54,61.87,42.36,0.49,61.43,36.1,0.49,1.64
55,76.15,50.23,0.52,72.82,49.13,0.52,1.64
56,66.71,31.86,0.47,66.99,35.91,0.53,1.64
57,83.42,46.42,0.49,77.95,48.34,0.52,1.64
58,72.59,38.82,0.47,68.98,44.4,0.46,1.64
59,6.76,40.83,0.51,5.77,37.53,0.49,1.64
60,69.92,28.53,0.48,68.68,33.22,0.53,1.64
61,30.05,36.44,0.51,31.43,33.33,0.5,1.64
62,67.15,21.14,0.52,67.45,27.04,0.54,1.64
63,65.92,34.59,0.53,65.57,28.62,0.54,1.64
64,81.02,45.26,0.48,85.95,42.08,0.48,1.64
65,70.64,46.82,0.47,65.73,49,0.46,1.64
66,63.37,43.98,0.46,65.46,47.05,0.53,0
67,64.69,19.59,0.52,64.46,23.35,0.46,1.64
68,8.03,20.01,0.51,8.65,24.65,0.5,1.64
69,4.54,21,0.51,3.97,23.55,0.49,1.64
70,80.79,40.66,0.52,85.97,40.3,0.49,1.64
71,84.53,36.96,0.49,80.56,38.74,0.52,1.64
72,72.04,37.89,0.48,72.85,31.26,0.49,0
73,10.65,42.63,0.51,10.47,48.4,0.49,1.64
74,7.27,26.97,0.51,8.29,31.2,0.53,1.64
75,10.43,29.38,0.51,10.13,31.68,0.47,1.64
76,76.63,49.39,0.48,82.75,49,0.49,1.64
77,64.57,47.45,0.48,59.31,48.15,0.51,1.64
78,12.77,34.76,0.49,13.12,37.59,0.51,1.64
79,60.31,27.09,0.52,60.6,25.03,0.51,1.64
80,0.46,31.52,0.51,1.45,37.8,0.51,1.64
81,3.51,20.78,0.52,4.31,15.72,0.49,1.64
82,0.46,25.9,0.49,1.48,31.05,0.5,1.64
83,62.38,44.19,0.53,63.97,46.54,0.52,0
84,61.44,24.58,0.51,63.63,18.88,0.49,1.64
85,60.59,42.72,0.48,62.58,46.74,0.49,0
86,69.98,45.01,0.47,66.34,46.65,0.46,1.64
87,66.31,51.94,0.52,73.21,52.38,0.51,1.64
88,64,30.08,0.54,65.36,23.57,0.55,1.64
89,2.9,17.92,0.5,2.36,13.97,0.5,1.64
90,70.91,33.08,0.52,73.46,27.78,0.51,1.64
91,73.47,41.92,0.47,80.16,41.98,0.46,1.64
92,70.08,50.24,0.53,64.75,49.92,0.53,1.64
93,63.33,28.59,0.48,63.6,21.65,0.53,1.64
94,60.87,33,0.49,58.81,36.84,0.49,1.64
95,77.82,45.27,0.52,83.66,42.42,0.53,1.64
96,74.52,40.9,0.51,79.58,38.75,0.48,1.64
97,82.12,48.03,0.51,85.91,46.42,0.51,1.64
98,6.97,33.85,0.52,8.44,39.74,0.52,1.64
99,67.75,32.91,0.47,69.34,27.18,0.47,1.64
100,10.26,36.63,0.48,8.86,41.88,0.48,1.64
101,61.19,34.47,0.52,58.4,39.68,0.51,1.64
102,3.63,38.23,0.49,6.53,42.16,0.5,1.64
103,65.64,21.9,0.49,65.69,18.3,0.49,1.64
104,75.22,44.74,0.47,80.51,42.92,0.46,1.64
105,61.87,50.41,0.5,57.03,48.18,0.49,1.64
106,3.71,29.82,0.47,3.14,34.62,0.51,1.64
107,66.6,40.54,0.53,69.24,35.69,0.53,1.64
108,4.73,29.83,0.47,6,25.99,0.48,1.64
109,70.88,28.72,0.53,72.49,25.19,0.51,1.64
110,65.99,35.57,0.47,65.51,38.52,0.52,1.64
111,75.55,39.41,0.48,73,37.92,0.52,1.64
112,80.69,46.18,0.49,76.65,46.26,0.52,1.64
113,77.12,50.33,0.51,82.04,50.42,0.5,1.64
114,6.74,37.14,0.48,5.43,31.52,0.47,1.64
115,69.99,51.22,0.48,66.43,50.97,0.48,1.64
116,60.75,20.03,0.5,63.06,16.48,0.49,1.64
117,7.59,19.13,0.51,5.86,15.89,0.5,1.64
118,79.9,41.06,0.52,76.63,40.99,0.54,1.64
119,13.21,33.88,0.51,12.84,29.01,0.5,1.64
120,68,46.96,0.53,70.57,45.77,0.52,1.64
121,84.01,36.11,0.51,85.91,34.08,0.49,1.64
122,66,43.13,0.54,65.43,45.16,0.52,1.64
123,9.4,29.88,0.52,8.94,33.74,0.52,1.64
124,69.9,32.39,0.48,70.06,35.15,0.51,1.64
125,10.87,38.14,0.52,11.83,34.51,0.52,1.64
126,63.6,38.78,0.52,63.66,35.29,0.52,1.64
127,64.63,18.62,0.48,64.48,15.3,0.51,1.64
128,7.03,26.04,0.52,6.3,23.45,0.49,1.64
129,7.44,41.56,0.51,9.31,44.27,0.51,1.64
130,59.54,27.69,0.51,58.53,32.1,0.51,1.64
131,75.23,43.73,0.5,77.7,42.91,0.55,1.64
132,67.15,37.51,0.51,65.63,40.26,0.48,1.64
133,2.6,26.55,0.51,2.02,28.87,0.51,1.64
134,2.08,23.18,0.51,2.71,19.13,0.5,1.64
135,64.54,39.65,0.47,64.59,36.42,0.46,1.64
136,62.62,36.62,0.51,62.84,32.34,0.52,1.64
137,1.26,22.07,0.51,0.82,24.99,0.5,1.64
138,5.59,22.76,0.52,3.49,26.15,0.52,1.64
139,10.52,28.42,0.51,10.89,24.7,0.5,1.64
140,73.98,48.16,0.52,70.08,48.19,0.51,1.64
141,29.62,37.34,0.51,28.39,39.72,0.5,1.64
142,2.74,29.78,0.52,3.61,27.11,0.48,1.64
143,4.68,20.03,0.51,5.15,16.74,0.5,1.64

5.00

acts
0,30.7,32.59,0.5,32.85,28.18,0.5,0.27
1,67.45,37.12,0.45,70.33,32.68,0.44,1.64
2,75.27,49.56,0.57,79.16,49.53,0.52,1.64
3,6.42,33.44,0.53,6.56,27.14,0.55,1.64
4,61.53,28.21,0.45,64.27,33.36,0.44,1.64
5,78.52,44.65,0.47,73.33,47.42,0.43,1.64
6,3.62,29.2,0.57,6.4,22.94,0.55,1.64
7,65.49,42.04,0.46,63.49,47.22,0.46,0
8,79.62,40.86,0.6,86.04,39.29,0.54,1.64
9,9.87,37.11,0.49,13.81,31.39,0.48,1.64
10,59.45,27.89,0.48,62.54,23.08,0.47,1.64
11,2.25,25.54,0.52,2.5,18.93,0.53,1.64
12,68.53,39.41,0.46,66.46,42.05,0.59,1.64
13,75.59,53.36,0.52,71.33,52.5,0.52,1.64
14,76.56,43.53,0.56,70.74,45.35,0.59,1.64
15,69.33,26.17,0.53,67.66,31.1,0.55,1.64
16,64.79,32.37,0.56,65.06,28.08,0.48,1.64
17,10.43,28.49,0.47,11.49,22.71,0.48,1.64
18,77.59,35.27,0.48,74.59,35.6,0.49,1.64
19,71.69,38.32,0.45,66.94,42.8,0.38,0
20,12.68,38.49,0.51,13.92,35.49,0.47,1.64
21,1.34,23.84,0.46,1.32,27.63,0.54,1.64
22,61.05,20.81,0.52,59.63,24.05,0.48,1.64
23,4.52,34.04,0.5,4.59,30.92,0.53,1.64
24,74.29,48.67,0.43,80.43,48.57,0.45,1.64
25,83.4,44.96,0.47,80.64,46.71,0.46,1.64
26,6.77,38.94,0.52,7.85,43.65,0.48,1.64
27,60.8,51.22,0.47,64.3,52.95,0.47,1.64
28,62.86,40.51,0.44,63.1,45.67,0.55,1.64
29,67.23,47.74,0.54,60.84,50.26,0.54,1.64
30,67.38,22.97,0.53,66.9,19.61,0.5,1.64
31,72.22,32.27,0.48,74.22,25.5,0.48,1.64
32,71.7,23.43,0.5,68.75,18.93,0.49,1.64
33,61.43,38.6,0.46,60.54,42.31,0.46,1.64
34,67.76,43.23,0.61,65.82,46.33,0.55,0
35,73.29,39.5,0.55,75.52,37.55,0.51,1.64
36,11.64,39.68,0.48,9.69,45.05,0.49,1.64
37,76.02,44.92,0.56,71.1,47.61,0.56,1.64
38,2.4,30.98,0.53,2.45,36.4,0.55,1.64
39,0.57,19.49,0.52,0.83,13.58,0.51,1.64
40,70.62,51.02,0.47,66.88,50.41,0.47,1.64
41,7.45,31.7,0.52,7.48,27.58,0.45,1.64
42,5.5,20.73,0.47,7.68,17.12,0.49,1.64
43,12.27,31.73,0.48,13.44,28.41,0.48,1.64
44,76.23,42.65,0.44,69.5,44.81,0.42,1.64
45,81.23,38.56,0.55,85.98,37.38,0.48,1.64
46,58.89,30.93,0.48,57.67,33.55,0.5,1.64
47,8.84,23.53,0.52,8.46,20.48,0.53,1.64
48,60.61,19.54,0.49,57.71,25.26,0.49,1.64
49,61.94,52.85,0.52,67.44,55.57,0.5,1.64
50,60.49,35.24,0.46,60.93,29.17,0.46,1.64
51,71.58,36.5,0.55,74.62,32.16,0.53,1.64
52,62.28,39.01,0.56,60.92,44.74,0.55,1.64
53,4.09,39.23,0.53,5.45,41.76,0.48,1.64
54,59.27,38.62,0.5,59.74,44.22,0.51,1.64
55,77.43,51.81,0.55,71.47,50.6,0.55,1.64
56,66.73,31.25,0.56,66.1,38.01,0.57,1.64
57,82.03,46.96,0.48,85.69,44.61,0.52,1.64
58,69.83,41.35,0.54,74.07,37.57,0.46,1.64
59,6.57,42.34,0.51,5.24,36.51,0.54,1.64
60,70.53,28.84,0.48,71.1,26.86,0.52,1.64
61,29.54,36.62,0.5,32.48,31.48,0.5,1.64
62,68.38,23.25,0.47,67.73,18.66,0.5,1.64
63,65.94,29.82,0.45,65.45,35.17,0.45,1.64
64,80.92,45.42,0.54,78.79,46.73,0.51,1.64
65,66.33,49.12,0.47,70.16,47.61,0.45,1.64
66,61.92,44.59,0.46,62.71,48.21,0.55,0
67,64.99,19.18,0.52,64.22,25.63,0.52,1.64
68,9.9,22.25,0.5,8.92,18.41,0.5,1.64
69,4.7,20.13,0.53,3.26,24.7,0.47,1.64
70,80.59,39.68,0.46,78.16,40.28,0.47,1.64
71,83,37.16,0.53,85.95,36.41,0.49,1.64
72,72.19,37.25,0.45,76.04,31.77,0.47,0
73,11.06,46.23,0.48,11.49,42.93,0.52,1.64
74,8.7,29.98,0.52,8.32,26.82,0.54,1.64
75,12.57,27.98,0.52,11.03,32.12,0.47,1.64
76,79.35,51.23,0.48,75.4,50.46,0.43,1.64
77,59.34,48.93,0.53,61.97,48.79,0.46,1.64
78,14.65,33.86,0.52,15.39,38.97,0.51,1.64
79,57.95,28.63,0.53,59.04,24.8,0.52,1.64
80,0.42,35.8,0.53,0.47,30.98,0.53,1.64
81,4.36,16.74,0.49,3.35,21.27,0.46,1.64
82,0.42,30.03,0.46,0.4,26.65,0.45,1.64
83,60.27,45.4,0.45,61.67,47.83,0.46,0
84,61.54,22.88,0.52,59.84,25.51,0.52,1.64
85,58.29,43.81,0.52,60.53,47.72,0.54,0
86,69.88,45.7,0.44,63.65,48.17,0.44,1.64
87,68.73,53.62,0.52,65.17,53.35,0.52,1.64
88,63.95,26.61,0.55,63.94,30.76,0.54,1.64
89,3.06,18.14,0.51,2.05,11.53,0.5,1.64
90,74.62,30.52,0.48,72.31,33.81,0.53,1.64
91,74.34,42.32,0.59,69.35,43.92,0.59,1.64
92,66.18,51.25,0.52,70.5,51.96,0.52,1.64
93,63.7,21.97,0.46,62.75,28.5,0.47,1.64
94,58.76,33.47,0.51,59.81,31.21,0.49,1.64
95,81.04,44.26,0.45,77.08,46.69,0.47,1.64
96,76.58,37.98,0.52,73.7,40.37,0.45,1.64
97,81.22,50.45,0.46,85.97,45.58,0.48,1.64
98,7.62,38.47,0.54,6.63,34.39,0.53,1.64
99,68.98,30.29,0.44,67.38,34.22,0.43,1.64
100,9.97,38.91,0.51,11.54,36.32,0.47,1.64
101,59.41,37.21,0.49,59.66,33.78,0.53,1.64
102,4.18,41.94,0.52,1.61,38.41,0.52,1.64
103,65.72,21.11,0.48,66.61,15,0.5,1.64
104,79.28,43.16,0.45,76.85,44.45,0.47,1.64
105,58.56,51.06,0.51,61.04,52.46,0.49,1.64
106,3.58,32.7,0.52,3.27,30.11,0.49,1.64
107,67.9,38.69,0.47,65.96,41.22,0.59,1.64
108,4.23,30.04,0.44,6.99,23.87,0.45,1.64
109,71.98,29.75,0.54,73.84,23.44,0.52,1.64
110,65.37,36.11,0.44,63.8,41.17,0.57,1.64
111,78.99,36.08,0.53,73.73,36.67,0.55,1.64
112,81.35,47.63,0.55,74.61,47.76,0.57,1.64
113,81.48,52.65,0.48,77.17,52.76,0.47,1.64
114,5.54,33.86,0.47,6.55,38.01,0.46,1.64
115,70.46,52.92,0.48,64.4,51.92,0.48,1.64
116,58.79,20.11,0.49,63.51,14.87,0.49,1.64
117,10.25,18.56,0.5,6.45,13.51,0.51,1.64
118,77.19,39.97,0.55,71.8,42.13,0.55,1.64
119,14.91,31.65,0.5,16,34.84,0.5,1.64
120,68.12,47.39,0.55,72.94,45.58,0.42,1.64
121,83.37,36.08,0.49,85.93,31.78,0.49,1.64
122,66.07,43.33,0.51,64.98,45.94,0.53,0
123,11.12,29.16,0.53,8.83,35.3,0.54,1.64
124,71.09,30.04,0.46,71.46,35.05,0.45,1.64
125,11.57,38.7,0.53,14.04,32.76,0.53,1.64
126,62.35,38.08,0.46,62.57,32.1,0.56,1.64
127,65.16,18.2,0.49,64.33,12.4,0.51,1.64
128,8.18,25.86,0.49,7.57,20.98,0.47,1.64
129,5.5,42.71,0.52,9.64,46.72,0.51,1.64
130,56.84,29.61,0.5,57.33,26.16,0.51,1.64
131,77.26,42.9,0.54,81.78,41.28,0.45,1.64
132,67.21,38.04,0.43,63.89,42.58,0.42,1.64
133,3.21,25.66,0.56,1.38,29.73,0.55,1.64
134,1.38,22.89,0.52,1.68,16.06,0.48,1.64
135,63.23,39.62,0.47,63.43,33.83,0.46,1.64
136,61.56,33.7,0.52,61.42,37.63,0.52,1.64
137,0.44,20.43,0.48,0.4,25.71,0.54,1.64
138,7.82,18.73,0.53,4.33,24.49,0.53,1.64
139,11.44,28.26,0.48,12.6,21.97,0.51,1.64
140,74.31,49.68,0.47,67.74,49.6,0.46,1.64
141,30.17,37.39,0.51,27.42,41.43,0.5,1.64
142,2.24,30.06,0.44,4.29,25.44,0.43,1.64
143,5.22,19.32,0.48,5.47,13.55,0.49,1.64
144,73.4,48.37,0.53,69.89,48.7,0.55,1.64
145,69.66,53.84,0.5,75.86,54.38,0.48,1.64
146,66.96,23.81,0.44,66.92,30.32,0.44,1.64
147,62.56,22.12,0.51,63.99,19.31,0.51,1.64
148,69.18,42.04,0.41,67.77,45.48,0.42,1.64
149,75.04,41.8,0.41,78.91,41.34,0.41,1.64
150,81.82,43.64,0.47,85.5,40.71,0.46,1.64
151,11.85,32.59,0.53,8.4,37.6,0.47,1.64
152,64.87,27.15,0.44,66.04,22,0.47,1.64
153,70.38,23.17,0.48,71.97,26.43,0.48,1.64
154,60.28,39.35,0.53,60.5,36.19,0.52,1.64
155,0.42,36.78,0.53,0.97,40.79,0.49,1.64
156,80.22,51.72,0.53,84.59,50.41,0.52,1.64
157,59,28.74,0.47,57.65,30.92,0.47,1.64
158,59.29,30.04,0.55,62.25,25.27,0.54,1.64
159,66.01,28.88,0.54,66.04,26.1,0.57,1.64
160,61.61,21.91,0.52,64.03,17.13,0.49,1.64
161,9.07,38.27,0.52,8.57,42.51,0.53,1.64
162,69.29,29.39,0.52,70.5,25.58,0.47,1.64
163,58.57,37.72,0.51,57,42.31,0.5,1.64
164,82.49,47.82,0.54,79.92,50.44,0.53,1.64
165,81.73,44.91,0.54,85.98,41.52,0.53,1.64
166,68.84,25.35,0.48,69.5,22.72,0.52,1.64
167,7.38,32.66,0.47,8.08,36.38,0.46,1.64
168,8.97,24.51,0.47,9.56,29.27,0.47,1.64
169,71.24,37.4,0.47,69.43,39.18,0.55,1.64
170,67.89,24.08,0.53,67.86,27.6,0.54,1.64
171,10.55,47.05,0.52,10.26,51.67,0.49,1.64
172,73.93,29.84,0.52,75.1,25.88,0.51,1.64
173,68.13,37.78,0.54,70.47,34.15,0.55,1.64
174,5.5,32.91,0.48,5.59,29.29,0.47,1.64
175,80.33,38.78,0.45,77.91,39.37,0.47,1.64
176,65.43,49.46,0.51,62.42,50.65,0.47,1.64
177,59.59,47.96,0.47,55.07,47.29,0.51,1.64
178,65.95,50.27,0.53,63.21,51.35,0.53,1.64
179,76.73,39.09,0.48,79.69,36.72,0.46,1.64
180,79.65,44.04,0.56,83.5,41.12,0.55,1.64
181,57.97,50.28,0.51,54.19,47.89,0.49,1.64
182,10.65,39.6,0.49,9.13,43.76,0.48,1.64
183,78.48,34.87,0.51,82.44,36.38,0.48,1.64
184,71.43,51.55,0.48,74.5,52.17,0.47,1.64
185,81.52,39.45,0.45,85.95,38.35,0.48,1.64
186,61.52,19.96,0.49,63.19,16.68,0.52,1.64
187,4.12,15.8,0.5,4.48,13.51,0.5,1.64
188,1.43,30.7,0.49,1.47,34.38,0.49,1.64
189,59.97,50.72,0.48,57.98,49.01,0.48,1.64
190,82.32,52.09,0.49,84.59,51.41,0.49,1.64
191,68.84,38.43,0.47,70.66,35.61,0.52,1.64
192,64.58,34.25,0.54,64.26,36.6,0.55,1.64
193,4.33,34.98,0.53,4.29,38.3,0.52,1.64
194,70.19,29.74,0.54,68.51,33.84,0.58,1.64
195,3.42,33.65,0.47,3.37,37.58,0.46,1.64
196,14.71,30.69,0.51,14.28,27.44,0.51,1.64
197,76.52,53.68,0.52,78.37,53.76,0.51,1.64
198,12.81,39.44,0.52,11.82,42.03,0.48,1.64
199,3.18,38.96,0.46,1.23,36.29,0.45,1.64
200,9.78,23.21,0.5,10.03,25.46,0.54,1.64
201,4.31,42.9,0.5,5.84,44.38,0.49,1.64
202,56.67,30.57,0.52,56.77,33.19,0.51,1.64
203,84.07,44.27,0.49,85.96,42.76,0.48,1.64
204,72.55,40.2,0.51,70.27,42.23,0.49,1.64
205,82.07,37.36,0.51,79.57,38,0.55,1.64
206,8.44,30.91,0.51,8.5,33.44,0.52,1.64
207,58.58,34.46,0.51,57.25,37.56,0.49,1.64
208,61.6,32.73,0.52,61.73,30.93,0.52,1.64

