time,id, p1x, p1y, p1z, p2x, p2y, p2z, px, py, pz, growth_rate, directions
0.00,0,56.27415138551657,20.470608876570545,0.20791437776015798,54.090512921858085,20.65387080177698,0.20791437776015798,55.18233215368733,20.562239839173763,0.20791437776015798,0.2731595988843809,0.08372881979124244
0.00,1,22.838740605209697,67.24635685366823,0.6411979222379378,26.509192473341614,66.16801540027238,0.6411979222379378,24.673966539275654,66.7071861269703,0.6411979222379378,1.6353041778194701,2.855842949837715
0.00,2,65.42698282302344,41.94939109989542,0.7006330784116177,62.96392508738481,38.03567174311867,0.7006330784116177,64.19545395520413,39.992531421507046,0.7006330784116177,1.6353041778194701,1.0090826383537417
0.00,3,65.26568609104193,60.41406804413428,0.7534574171069442,71.26087328170716,58.79416196854146,0.7534574171069442,68.26327968637455,59.60411500633787,0.7534574171069442,1.6353041778194701,2.877693407932617

0.50,0,56.4036288930127,20.459742472772692,0.4969992079558357,53.961035414361994,20.66473720557484,0.4969992079558357,55.182332153687355,20.562239839173767,0.4967841093418276,0.2731595988843809,0.08372881979123448
0.50,1,21.553147728764074,67.62405097435617,0.5029983943318972,27.79478534978725,65.79032127958449,0.5029983943318972,24.67396653927566,66.70718612697033,0.5032130401820235,1.6353041778194701,2.8558429498377427
0.50,2,64.16538869959135,39.886902547287356,0.5089584234898176,66.2485103937376,43.26091020512078,0.49944100086674836,65.14690884217097,41.47929321081622,0.5068193297630834,1.6353041778194701,2.123912028500815
0.50,3,66.75042958913942,60.13107032784327,0.5047853828071049,63.589431120844274,60.82891420389458,0.5011641334052971,65.25129878550848,60.44992784351475,0.5032341143244887,1.6353041778194701,0.21728453004360762
0.50,4,67.67903420796284,59.769621978109285,0.5034870701331636,72.96310635102606,58.32328584876547,0.5028072704083054,70.2397018489778,59.07651833579155,0.5035198758703939,1.6353041778194701,2.8744203477068484
0.50,5,63.61444786734026,39.02020119932739,0.5087659065868704,62.343180807778694,37.049899801275764,0.5048622408005231,63.03885504205298,38.129663665689414,0.5097399006923488,1.6353041778194701,0.9977934975744644

1.00,0,56.54894614016372,20.447546718337243,0.49810093922626425,53.81571816721096,20.67693296001028,0.49810093922626425,55.18233215368734,20.562239839173763,0.498035352766329,0.2731595988843809,0.08372881979122519
1.00,1,24.223690100696825,66.93847180938236,0.5046668403425254,19.669716795248853,68.14638628438543,0.4987674980235113,22.074006285620882,67.49836074173608,0.5019178715004476,1.6353041778194701,0.2592767394495939
1.00,2,64.25736627643205,39.52906261427759,0.5061802118507489,67.51156808336408,45.35846207357278,0.49671772806464654,65.79568021041246,42.382936973606306,0.501287542794371,1.6353041778194701,2.079942972461921
1.00,3,67.61624956362837,60.47995233955616,0.5034527407408897,61.945250946425084,61.05968591906797,0.49922097873134824,64.78049983954863,60.76737618211121,0.5014743552885086,1.6353041778194701,0.10187657714805601
1.00,4,70.2183177261253,59.10207369120271,0.5057437946854448,66.44837812128847,59.60084372070138,0.4974759063630268,68.46350545634914,59.31696787284558,0.5020644471965208,1.6353041778194701,0.1315558044832866
1.00,5,63.38243068694287,39.05688997362909,0.4986554421562962,61.22016272170894,35.273499091531825,0.5021899003509072,62.39008367381151,37.226019902899324,0.5012318118073156,1.6353041778194701,1.0515845866047495
1.00,6,25.157168369924104,66.59851038327702,0.5036228676379352,29.52013229906527,65.26213116759484,0.5008494026304934,27.211347496846642,65.97438908058376,0.5025498146467944,1.6353041778194701,2.8443648031637396
1.00,7,71.17729789530672,58.807291414915014,0.5050460312114357,74.88409129583015,57.8395166124435,0.5007317190964415,72.90078747840428,58.36033779398659,0.5034132549913571,1.6353041778194701,2.8862095091847277

1.50,0,56.70785276607125,20.43421047487179,0.49854851764271074,53.65681154130342,20.690269203475715,0.49854851764271074,55.18233215368733,20.562239839173753,0.49851549661714306,0.2731595988843809,0.08372881979122253
1.50,1,22.767222194309724,67.6865019680004,0.5087441652474057,25.32191204114228,67.2081387490289,0.49973001721061794,23.908411084881358,67.47484802044926,0.5065089947146131,1.6353041778194701,2.9564550367448916
1.50,2,65.8184986512514,42.7077256842979,0.5015642849935664,63.65224682848063,37.68922540053854,0.5029313560288076,64.77680399630368,40.237088601722306,0.5024603984682504,1.6353041778194701,1.163303876713738
1.50,3,64.92543777751096,60.68812714351212,0.5045699495089196,69.48812757082517,60.54675913257124,0.49879366785361057,67.07963083760222,60.65695431244265,0.5020821377021478,1.6353041778194701,3.1105932533601734
1.50,4,71.0959029537715,59.51926380483771,0.5036761859699979,64.63079536033796,59.66892636772358,0.4971921290885653,67.8607173646507,59.59158053705265,0.5005073513121998,1.6353041778194701,0.02316684653923769
1.50,5,62.55650463157627,37.89160760857425,0.5125026022831394,63.7080807504437,40.325511796243724,0.4954759650816088,63.13504489126881,39.09843348649355,0.52666250156393,1.6353041778194701,2.012716077882086
1.50,6,26.422155714340615,65.95807875856859,0.5118230670318386,24.191523436631563,66.38281481225225,0.4975064608837127,25.31154862242914,66.16602812580571,0.516075605926128,1.6353041778194701,0.18826257329984358
1.50,7,70.25723707079368,58.546697771863776,0.5021281930082575,76.66849277836936,57.465007048563294,0.49949465950672745,73.46304972913813,58.01366626809393,0.5008612652184683,1.6353041778194701,2.9744487978544085
1.50,8,66.67601609692103,43.206299389494596,0.5058171480939667,68.3207843570532,46.969215331602435,0.49547626914326465,67.4542167702906,45.05927051715986,0.5007013822768929,1.6353041778194701,1.9828690828660767
1.50,9,63.96562107146962,61.11833353142496,0.5051015092416398,60.53630652020441,61.153674784285904,0.4989606553683242,62.380562620250295,61.09119367480204,0.5024025209005126,1.6353041778194701,0.01045966783665919
1.50,10,21.70923429861987,67.87402697559105,0.5085400158864629,17.95816518874032,68.52198146627629,0.49874736242533546,19.965146729581676,68.17489521860378,0.5058487411388447,1.6353041778194701,0.17106979588872784
1.50,11,62.09459535107697,36.993052233787125,0.5123971062892957,60.635792881015966,34.15363305447296,0.5032981314855519,61.36519411604647,35.57334264413004,0.5299692564995013,1.6353041778194701,1.0961972368634032
1.50,12,27.402152115623924,65.7274511131852,0.5115448918261607,31.15872279089095,64.8283113423643,0.5014970698891036,29.280437453257434,65.27788122777474,0.5166407825866397,1.6353041778194701,2.906647074802046

2.00,0,56.88020347160989,20.4197459366099,0.4988009048623437,53.484460835764786,20.704733741737606,0.4988009048623437,55.18233215368734,20.562239839173753,0.498780566373688,0.2731595988843809,0.08372881979123183
2.00,1,22.622019541761276,67.39046428126841,0.5055020845857152,27.362577011261582,67.23531744045674,0.4950107437739408,24.962162846475103,67.32219991076646,0.5002291775431799,1.6353041778194701,3.108802117165407
2.00,2,65.43260211851583,41.88556440414076,0.5067054940228226,66.09428679983108,44.158201732700896,0.49483167090512337,65.72597665807544,42.935114176196954,0.5011314718550158,1.6353041778194701,1.8541131115134055
2.00,3,66.3405368359961,60.63222187024379,0.512044250018997,63.6758265770032,60.56796380836361,0.5001788376255001,65.02557772565235,60.606771237330044,0.5393299809554314,1.6353041778194701,0.024517215449370387
2.00,4,70.02429111041022,59.46703648932294,0.5060895245959472,72.87387043462033,59.563234121057945,0.4952043117101385,71.37519306597791,59.53314267164953,0.5007767517579587,1.6353041778194701,3.107631743407552
2.00,5,62.70384108349155,37.2532153846047,0.5051677548081877,64.23069551109253,41.937724927086556,0.49623002113629827,63.46802215195305,39.61972483638115,0.5008015739361187,1.6353041778194701,1.8858748326046104
2.00,6,26.578883549857252,66.2804394958833,0.5071830366932016,22.313034801370808,66.43775956218346,0.4947981349514819,24.45493034416414,66.36024445186573,0.5010476312991675,1.6353041778194701,0.036976201481474694
2.00,7,72.73843445391763,58.48627555667515,0.5037749189021972,68.6412054380545,58.509853454228164,0.49742783372399973,70.69046190970948,58.47960339612516,0.5007094420351006,0.2261773743617293,0.005959387203766435
2.00,8,66.49270890232862,41.898709927357906,0.5034529196501607,68.82347903871573,48.36923376809895,0.4968408554841127,67.66063524412736,45.14015130301896,0.5001711000261941,1.6353041778194701,1.9165407462534785
2.00,9,64.94089393177617,61.71827383300715,0.5030984661890388,58.99624740894511,61.02305160600116,0.49767717111159,61.96387440839501,61.37036213016361,0.5003670955854167,1.6353041778194701,0.11642395977187346
2.00,10,22.15680615651612,68.29994566813177,0.5028603352884692,15.722810622246518,68.85879291908554,0.49685511268752947,18.985424197143818,68.50710757202107,0.5000594203960105,1.6353041778194701,0.08664603653759151
2.00,11,61.794418447886436,37.647682993073396,0.5014202025168419,59.80900369146425,32.378802765485034,0.5010467457281627,60.81514512611031,35.00916045371297,0.5013156145970012,1.6353041778194701,1.210431776053439
2.00,12,26.849327388302914,65.32140428241549,0.49980486741092345,33.325628708982784,64.3631815358423,0.499267840658327,30.06302650236657,64.90410065798025,0.5000559461543276,1.6353041778194701,2.994700019279926
2.00,13,68.93393743148951,59.621440951522715,0.5037934045082194,62.92454127428741,59.41147146158615,0.49665377856270837,66.00152473970837,59.49687323699055,0.500505782074255,1.6353041778194701,0.03494615831161544
2.00,14,73.43764000766834,57.78356846530788,0.5041206487647553,78.11823683944846,57.237657784328015,0.4985696063963489,75.76494658697715,57.523001411886355,0.5015711099283399,0.23151430680029395,3.025478581412644
2.00,15,65.06779645665803,41.16630975469384,0.504333899546058,63.36208283545417,36.09383627967445,0.5011291388649927,64.23567826245296,38.690490199148186,0.5033081206020007,1.6353041778194701,1.2464064111333537
2.00,16,67.35557119507878,60.62311848109304,0.5120207410420706,70.80611666206458,60.59679409861373,0.49878691957389304,69.08209636395996,60.611226906530504,0.5356563442236857,1.6353041778194701,3.133054020424548

2.50,0,57.06505557384586,20.404232218245813,0.4989661731895343,53.29960873352882,20.720247460101692,0.4989661731895343,55.18233215368734,20.562239839173753,0.4989521944987444,0.2731595988843809,0.08372881979122519
2.50,1,24.067239105292515,67.34886984408888,0.5089894114677829,21.156704431368173,67.41854429996178,0.502743218639898,22.719699228052814,67.38386033326107,0.508519556924522,1.6353041778194701,0.024030090061604677
2.50,2,65.8442066558966,41.679913948200266,0.510101750796291,66.54308202848924,45.89089745588649,0.495677612712414,66.1948616077577,43.78070392320174,0.5034467101756184,1.6353041778194701,1.7352611596201788
2.50,3,66.12440012727406,60.692787854250064,0.5027643417612674,62.39032260161818,60.44040696174272,0.4971516558430686,64.27896040363275,60.5684175891835,0.5000648216366252,0.26566555306027095,0.06750254900801488
2.50,4,70.33739663758813,59.32364979504124,0.5072614159534009,73.87837556165944,59.55006680039316,0.4964085761903583,72.09295720960998,59.45077026485129,0.5020999470903079,0.15011692297661586,3.0776645459823686
2.50,5,63.2355336643928,39.0023549995685,0.506759890261538,62.15618700804405,35.6628329501121,0.5018202421701583,62.72851153426069,37.46392848295115,0.505463161498892,1.6353041778194701,1.2581900868743627
2.50,6,28.132798120893902,66.26825044731099,0.5036336217491267,21.062002094010726,66.40874300470787,0.4967212579459669,24.58035790331521,66.33511596095758,0.5001780784214808,1.6353041778194701,0.019890822778272747
2.50,7,72.87850849265153,58.500642256808305,0.4998632283579389,68.59041622702632,58.20484712545859,0.49680028815502525,70.73241684223837,58.35438372655909,0.4982060286640465,0.0,0.06887517057180821
2.50,8,67.58232384135627,46.073061134336854,0.49743605583107975,66.55392076511077,39.78242680328543,0.49585288622048407,67.07093893615695,42.958347138033645,0.4972799525835929,1.6353041778194701,1.4087482125611004
2.50,9,61.75855280549108,61.37413912333564,0.5043581087328629,66.78000264547538,61.80460056951957,0.4995019010771606,64.15542131100618,61.585657003593774,0.5022308996363813,0.26566555306027095,3.056071771536841
2.50,10,18.28341281147328,68.70030647636258,0.5027653237742087,24.190692280034586,68.34574497577125,0.4982626013368293,21.121860141720262,68.53855547804932,0.5010300006528009,1.6353041778194701,3.0816386368056636
2.50,11,61.37882518585221,36.81303338404146,0.5051872659733625,62.201117587044855,39.05685181399334,0.4983072109048554,61.75174873062366,37.83841067514206,0.5020710153780197,1.6353041778194701,1.9220663341925466
2.50,12,30.11491084498641,65.24391851403483,0.5046585714536219,24.793142479596302,65.34258740785361,0.49617076339211486,27.52363322152231,65.25156013251694,0.5004794710029945,1.6353041778194701,0.018606947682789265
2.50,13,66.954909758259,59.832740423178386,0.5071738505537798,69.50896192293314,59.846592576538825,0.4920371944945937,68.21365848898989,59.82048545625321,0.49947630948698285,0.13443428280437847,3.133559201559627
2.50,14,73.35925503493009,57.63564010828499,0.5024456102557338,78.32326853548655,57.21685336739895,0.498667041063522,75.83880043021927,57.430633422120785,0.5005918300858196,0.11225342534101727,3.057423999830315
2.50,15,64.21800948644433,38.912020354795764,0.5074289592097149,64.92375564383684,42.1226813696944,0.48896877892076007,64.5323317316403,40.38673626111786,0.49785378112084194,1.6353041778194701,1.7871651269917033
2.50,16,67.10075303070445,60.86794192253258,0.5039518032364815,72.12646695023948,60.79473098444061,0.49839207466389396,69.59849731246567,60.81886915018353,0.5012451224889003,0.2104496834485917,3.1269844766609998
2.50,17,68.5321860249703,46.32820842365328,0.5060206049697078,69.23187730655621,49.707288672956146,0.49570385713003884,68.84078401518488,48.0036446373148,0.5008710307383065,1.6353041778194701,1.7749754852112982
2.50,18,30.882061940814975,64.62479970866097,0.5040495369008694,34.906876749447896,64.10105317726138,0.49723423787153137,32.82902240062881,64.40798319679641,0.5008519318596298,1.6353041778194701,3.0121796188808188
2.50,19,17.31362741488377,68.89560123223967,0.5061944046209484,14.128792189861889,68.92302721614834,0.4952541170011481,15.838694133368179,68.88988339461321,0.500724246559454,1.6353041778194701,0.009271021186575024
2.50,20,60.66351821575099,61.358509117635634,0.5052370429551233,57.56881973385095,60.822411404810424,0.497025666534311,59.24967854587507,61.094011608898356,0.5013631666392611,1.6353041778194701,0.1715484457224948
2.50,21,66.00788152313599,59.58558986181133,0.4957616933516373,61.24673058234474,59.4178832560655,0.49799859850045053,63.63887964917261,59.51178853297978,0.49716114436684256,0.25497142672746875,0.03521253558520637
2.50,22,61.09461533077134,35.87222503159506,0.5039931084062952,59.258609864978816,30.882066546349055,0.500110046985953,60.21152526989444,33.489730108701735,0.5024172989166649,1.6353041778194701,1.2182426276324851
2.50,23,63.94200368769381,37.96714879056028,0.5048217105619827,62.742211137802606,34.26529730117764,0.500135900474157,63.36853287646017,36.19289407971495,0.5031955956222135,1.6353041778194701,1.2573734012093476
2.50,24,63.30145381122163,39.991406922239015,0.5078066722948813,64.13729452519094,43.14712404086837,0.5015671945339225,63.73937207584805,41.46402466547876,0.5053731745789858,1.6353041778194701,1.8297159307840105
2.50,25,25.09368241636635,67.333603651788,0.5090753195447307,28.620156350625933,67.24316482858829,0.49598950018100074,26.759782586220776,67.29214889619473,0.5050524828726004,1.6353041778194701,3.115685703446019

3.00,0,57.263438378864606,20.387582935234622,0.4990842134623263,53.10122592851014,20.736896743112887,0.4990842134623263,55.18233215368737,20.562239839173756,0.49907391881865193,0.2731595988843809,0.08372881979122386
3.00,1,24.234594097179283,67.4027599527496,0.49694733231554505,18.966931600805022,67.45062922481273,0.5011158371552681,21.71305047862935,67.41783795619554,0.5003697481018442,1.6353041778194701,0.009121521261325623
3.00,2,65.78725665566617,40.317248663108735,0.5049373654849574,66.69665508873823,47.32568105617522,0.4969579772952451,66.01068828679092,43.84641252912279,0.5020665757844232,1.6353041778194701,1.6998330188129367
3.00,3,66.14630596278192,60.66815855873957,0.5009631926079758,62.122489659077246,60.35615584908362,0.49707394545640415,64.14032266566929,60.522650195412936,0.49912171030273034,0.17280528971646422,0.07739015465823086
3.00,4,70.29081856540418,59.19141066451883,0.5049530830787136,73.98737496492973,59.56235313574327,0.4977137872000238,72.1420875865648,59.38858729134115,0.5013597290729833,0.11083166894530153,3.0415604258938376
3.00,5,63.68060008001092,38.87145546543186,0.4880329100446913,61.3835978498856,33.26511051721156,0.5051897184764225,62.51316279685652,36.19565465061987,0.49602395884425887,1.6353041778194701,1.1819449611925898
3.00,6,25.754630718756466,66.25245981661273,0.5066152237945597,30.23920246435123,66.38270827831423,0.4946967437000826,27.84073000269069,66.31769175947034,0.5003460938026673,1.6353041778194701,3.1124358975214976
3.00,7,72.89048626049669,58.467469700573886,0.498646054577561,68.60885133042977,58.04320274605213,0.49765944674496465,70.74974724693163,58.25935012827546,0.4981295213642236,0.0,0.0987677887853448
3.00,8,67.43658235574225,43.43512101598493,0.511256619952866,67.73399772715021,48.127008710958926,0.4958277649581817,67.54758651857495,45.583783169796185,0.5015767112260818,1.6353041778194701,1.6341005635022845
3.00,9,61.94875604840989,61.329062236574934,0.502070531209204,67.29199320111482,61.9220180582071,0.49879730690109564,64.60649584739717,61.6286523664768,0.500477781691137,0.17280528971646422,3.031070049639064
3.00,10,19.427742037654916,68.57373711547069,0.5068159034801266,16.98118279481477,68.26874221339234,0.49409095774258255,18.211041812572304,68.42253230172841,0.5008689458944647,1.6353041778194701,0.12412975170409025
3.00,11,60.61595609797943,36.68092986918302,0.5067989431419987,62.37114941834236,40.7745173505832,0.49327778815700934,61.53499125512272,38.71940361488186,0.500940124256388,1.6353041778194701,1.9758509571112044
3.00,12,29.36894799853991,65.33841544963482,0.5077495948364429,31.689050540314874,65.49193950672706,0.49467751317044056,30.53620645192509,65.41416504062724,0.5019232332539656,1.6353041778194701,3.0752793534813954
3.00,13,66.97188257021456,59.91752515134953,0.5047280410849222,69.65726299086339,59.960192833258255,0.49476461312186565,68.31285464224462,59.92806176462761,0.4997874444036949,0.10431835416210494,3.125277778586325
3.00,14,73.35242668729143,57.5823534685148,0.5018271146879507,78.35991440330467,57.213888638470635,0.49885736228688543,75.85504408497172,57.400271887978704,0.5003547090324074,0.0,3.0681398769083925
3.00,15,64.60974469147216,39.129029751099075,0.5121194442006067,65.38454632571421,44.88383903247754,0.49378694611749535,65.15888943528091,41.83721503255639,0.5034254048242743,1.6353041778194701,1.7046263921750542
3.00,16,67.11133105528478,60.91416685882356,0.5028990815583779,72.40679209957763,60.96875256566366,0.49937731792681994,69.7434820004058,60.93345402580228,0.5011729155983771,0.1414733951997507,3.1312635714243457
3.00,17,68.53385682371189,45.02622224436624,0.5034971349707331,69.46092658681766,50.97429343508356,0.4968159779102577,68.97296846627766,48.007283154679584,0.5002307685558233,1.6353041778194701,1.725412800640437
3.00,18,29.55218860025298,64.35941728935597,0.5026825351266775,36.36091683868429,63.997452281119365,0.4973338001160121,32.962057892304465,64.18835739976521,0.5000649075812358,1.6353041778194701,3.0884749516867265
3.00,19,18.186635937061467,69.41616273896189,0.504131759327208,12.571983511818381,68.8157176218443,0.49646577986922014,15.372326015421084,69.11481308489151,0.5003465362618055,1.6353041778194701,0.10654622858109887
3.00,20,61.236007966152314,62.00844544608225,0.5044798977607075,55.89933806727869,60.45566915777696,0.4965495798098297,58.600667257470576,61.20311235563795,0.5005412432999699,1.6353041778194701,0.28314947036217847
3.00,21,66.2017921039076,59.32199389252485,0.4959797927684858,61.114716449900676,59.38721454728907,0.4988975155225494,63.648568861554345,59.37087673907054,0.4973023799854882,0.15266188428517047,0.012832972527256051
3.00,22,60.40338612705535,33.4909397575214,0.507398736683448,61.63803837557299,36.54201004538355,0.49213664226980536,60.99324069646839,34.92649892523039,0.4993170357106055,1.6353041778194701,1.955310859436534
3.00,23,64.52631743608468,38.170341771107736,0.48953313503794443,61.94690640499571,32.074218851881874,0.501706522425791,63.23674269021624,35.216277887795556,0.4957970141027858,1.6353041778194701,1.1705171355931308
3.00,24,63.12764384998996,39.69570409035122,0.5109132884611934,64.4486560831189,45.25150112362643,0.5000661846408447,63.8178363556433,42.401132518829044,0.5049676753606923,1.6353041778194701,1.8042330335650263
3.00,25,25.16365655984251,67.30449132880877,0.5077649488997888,31.315393195223887,67.37427130328363,0.49551774603786425,28.086652512550643,67.33249622203368,0.5012007683505844,1.6353041778194701,3.1300766445675205
3.00,26,24.718704531634035,66.41143755722287,0.5011647958830266,18.949774609833018,66.37729721999025,0.4972590457116751,22.007222338801327,66.39209643844805,0.5000176155111228,1.6353041778194701,0.005956497896450271
3.00,27,67.08581460864191,42.37741180855727,0.4887969202716286,66.41364964518667,38.04191205018421,0.4972080384098749,66.81401647144102,40.40216583870714,0.49444422998927173,1.6353041778194701,1.416983709695392
3.00,28,20.448510363830426,68.42568122573711,0.503791127800828,26.134803094180015,68.36681636566732,0.4968431732024531,23.30555141229683,68.3868423806516,0.500369293866185,1.6353041778194701,3.131169107104496
3.00,29,60.01628334407936,32.661806490818584,0.5054357676506596,58.48043032738595,28.886242571000626,0.5006265638439561,59.29087497899858,30.86544551382951,0.5038074706125987,1.6353041778194701,1.1844524853402494
3.00,30,28.19947036701428,65.31778788626188,0.5053712965001371,23.261060336404597,65.19968572351321,0.49802488184831123,25.727851181906374,65.27697246592878,0.5023031879929896,1.6353041778194701,0.023956656272850443

3.50,0,57.474144237830686,20.369899439541975,0.49917346968469434,52.89052006954404,20.75458023880553,0.49917346968469434,55.18233215368737,20.562239839173753,0.49916551904746914,0.2731595988843809,0.08372881979122651
3.50,1,20.976329747696823,67.33156781792952,0.5113640835672048,24.370313394153126,67.93263199256883,0.48263610279552277,22.63911329558777,67.59105796180154,0.4965054222416486,1.6353041778194701,2.9661170599776083
3.50,2,65.99107612523477,43.90767651542805,0.49705034319789776,65.83221327008809,39.04717100905189,0.512136835737951,65.90280461622937,41.39988495238042,0.5066233480634654,1.6353041778194701,1.5381236845858244
3.50,3,66.22545168512347,60.6147578649262,0.500066292526405,61.96506037547431,60.34178441776679,0.4976645729175963,64.09664320655878,60.47966501735625,0.4988768104539698,0.13626687925829759,0.06398739543626648
3.50,4,70.1189700498686,59.1033650647681,0.5034923440543234,73.88305648129281,59.59977814015776,0.4983780039620359,72.02057130924041,59.352744835837626,0.500952708315612,0.0,3.0104610617086296
3.50,5,61.879355566895356,34.92263705811475,0.5002801969797516,63.897308554011914,40.23732326208526,0.48871443981936136,62.93205713102421,37.57079298017215,0.4952377290245878,1.6353041778194701,1.933674891967479
3.50,6,28.025409827278445,66.21948555202577,0.5135522056127307,26.184782527230812,65.95927473481436,0.5132975144659927,26.990728087144824,66.09101133199883,0.5611050596191585,1.6353041778194701,0.1404401300471066
3.50,7,72.88083742849153,58.4755321501641,0.49842556846241326,68.6234956083375,57.91194037406551,0.4981704907624855,70.75196928279183,58.197424706253045,0.49828109709548996,0.0,0.1316158709447987
3.50,8,67.91460080270714,45.038732999340965,0.5087256858949998,68.00933019629392,42.893708662153195,0.5055721163737594,67.9246312693987,44.039516540671315,0.5101573845658358,1.6353041778194701,1.6149299888885233
3.50,9,61.665983866168105,61.303038851388465,0.5018931969849232,67.28382265673427,61.945004568340096,0.49862792836225805,64.49360835747916,61.62490883136467,0.500268637754091,0.13626687925829759,3.0278120144837506
3.50,10,19.832837675043947,69.33188060224576,0.506826621386713,15.499143700115118,67.8696450074403,0.49482900731176277,17.663609972273772,68.57686960064109,0.5017906085100811,1.6353041778194701,0.3254260629315919
3.50,11,61.11791952750563,38.70358561005969,0.5135570437612137,59.92685153941262,35.48008888721709,0.5049198939164138,60.55376111896264,37.0791265889613,0.5312806109032263,1.6353041778194701,1.2168612739737616
3.50,12,29.61630451663546,65.19730804540924,0.5142204429797728,33.953675023083115,65.53864352100031,0.49411469744097886,31.566489136920584,65.3693717903503,0.5041743301210122,1.6353041778194701,3.0629225415411248
3.50,13,67.03726860179131,59.94888433143127,0.5033525350925223,69.74003324494356,60.01387914591027,0.49633591698022955,68.38117229521839,59.979407700918074,0.4998428073352797,0.0,3.1174101118770485
3.50,14,73.3514901798109,57.577786638631615,0.5014262887213167,78.36337626912838,57.21363560276084,0.4990040857948244,75.85743322446964,57.39571112069623,0.5002246185262774,0.0,3.0690610223638024
3.50,15,64.96810146207,42.9842178029647,0.5058708402854507,64.81508463363133,38.192201221435425,0.5095796605839148,64.89278948603055,40.661575753293256,0.505545571300329,1.6353041778194701,1.5388755675284171
3.50,16,67.17478636762901,60.9399606016826,0.5023755519456478,72.6908127976352,61.065131478900966,0.49976017398702827,69.91364046389437,60.99885120173669,0.5010775500231156,0.11775272620852287,3.1188993784898815
3.50,17,68.8382667308194,46.08880727573582,0.5039791380283958,68.96054089757563,43.51151388048521,0.4956852217617358,68.87432182542918,44.91738983507189,0.5003791596790619,1.6353041778194701,1.6182033933412112
3.50,18,34.080564059225885,64.54294512868925,0.4989874449063962,27.521542041668987,64.07141225638992,0.5037808188504036,30.88854775556616,64.29673217221875,0.5019275088197013,1.6353041778194701,0.07177095624634064
3.50,19,17.394153861540435,69.55089262382766,0.5075471630105136,19.61727042911963,70.300464001302,0.49359880534579237,18.419307038352578,69.8838332576099,0.5003179325457501,1.6353041778194701,2.8163393922742816
3.50,20,58.3682212146433,61.26293657088622,0.5044403633171882,62.217590341680314,62.523369589437614,0.5022254723579852,60.245311362997555,61.87073831823597,0.5037338925335533,0.23142431933776103,2.8251560210060935
3.50,21,66.43596354146112,59.16962756037082,0.497096166520229,61.11937138934686,59.39194543557682,0.4992668839223394,63.76287018266415,59.28538328152182,0.4981255182691937,0.11965406237635295,0.041793503088457445
3.50,22,60.0019008474767,32.495106121530945,0.5092117601887985,61.87618678168675,37.91215653630127,0.4847757320927493,61.033527955990465,35.40544464108217,0.49833317724725135,1.6353041778194701,1.9038978658713814
3.50,23,62.87193468216184,34.75930129008746,0.510308431051895,66.0805479730452,38.09576779966663,0.4839079545414807,64.42896980915829,36.49675923312566,0.498294708569545,1.6353041778194701,2.3366470849857444
3.50,24,64.08059537314892,43.454179571161056,0.48882457572207366,62.27657505685293,38.75954061448871,0.5153944061410675,63.180881226219334,41.054365286088654,0.5069789772446054,1.6353041778194701,1.203926649774913
3.50,25,29.08681077808731,68.06779297966482,0.48781011512786465,24.77808506450252,67.05363741001763,0.5165880512121681,26.894571122428403,67.52529321157297,0.5024906771650299,1.6353041778194701,0.23125471036048473
3.50,26,21.10683165970966,66.34842080352149,0.5140786546851145,25.204368053615482,66.03485762298413,0.48255757248739406,23.13230102905066,66.21856921560209,0.497589260425669,1.6353041778194701,3.064833274773323
3.50,27,66.95636615193857,39.767299760299174,0.511937826084367,66.95274060481282,42.861664855206314,0.48796836266062465,66.96581790155349,41.429100766769395,0.5074143519430376,1.6353041778194701,1.5696247014085662
3.50,28,24.014831097459204,68.89801137958074,0.5038688229580581,19.461376467066376,68.16527204647977,0.49230373756285867,21.79487873917021,68.51424197575199,0.4984845553492526,1.6353041778194701,0.1595711519659069
3.50,29,59.16390643377717,33.285077530159306,0.49218827565290496,57.712132464430155,26.64818576304717,0.5019121898838058,58.43997555464753,29.966203319413992,0.49549259095234255,1.6353041778194701,1.355445480663546
3.50,30,25.941509620291626,64.86458147311198,0.5043000444327163,28.633286299643952,65.2088612779887,0.4854732090967737,27.30008477183413,65.08254751318971,0.49384463315263527,1.6353041778194701,3.014194713038576
3.50,31,66.9743812261665,43.838267875815234,0.5129357282382073,66.70385084987254,49.1923502548402,0.4956383270155051,66.83013849337325,46.37965489322062,0.5031282144807729,1.6353041778194701,1.5203116547794853
3.50,32,64.01318704641113,34.5275953486017,0.4930290559601978,61.3025372011426,30.49568793316139,0.5028864846160274,62.644661140799485,32.51787992382777,0.4974361259843416,1.6353041778194701,0.9789054983295572
3.50,33,34.922880534912764,64.03928955256981,0.5072155287684558,37.906965506949284,63.846076679071686,0.49489169773123876,36.33403834826032,63.984850474697964,0.5009398224110186,1.6353041778194701,3.076804103570424
3.50,34,62.255857135809656,34.002629634485956,0.5012654868912837,60.742598908895594,31.73994564273446,0.49728529524582515,61.5465836102164,33.008180728553924,0.5002559588378728,1.6353041778194701,0.9813265502155869
3.50,35,68.96379797195155,47.06494259677595,0.5048110899188674,69.69613844009899,52.7766888402947,0.4963012981712348,69.31712795049661,49.8130913620688,0.5006310654882585,1.6353041778194701,1.6983169942021463
3.50,36,29.48288100482433,67.15940365904265,0.5105271429229277,33.65223105301103,67.47842874978264,0.4947897389042309,31.545753770965277,67.33075484473356,0.5040826903330727,1.6353041778194701,3.0651322176998126
3.50,37,64.9365977673556,43.94669684071698,0.5076195135481408,65.78475677279631,47.117741002671224,0.4945990106726406,65.36424705283824,45.39873653790328,0.5012356916479546,1.6353041778194701,1.8321464122942606
3.50,38,63.95801854632537,44.38566300172498,0.5113870075298838,64.76168382672485,47.23094528382575,0.4990320361700719,64.3796563892269,45.57906720791644,0.5039425056125375,1.6353041778194701,1.8460779798218052
3.50,39,20.134682256763597,66.2059853432999,0.4864960958005886,16.242632630729037,66.12946244106392,0.49853155846483044,18.37860117911595,66.22543548733186,0.4932195749395215,1.6353041778194701,0.0199004036010366
3.50,40,24.97790089986844,68.69500252800904,0.5146030729572599,28.266819230301458,68.88060727368945,0.49526182730995727,26.44887284856387,68.64186326804281,0.5049995530656712,1.6353041778194701,3.0849144744944215
3.50,41,16.416535846249996,69.59202992799511,0.5046597543319205,11.16277260726675,68.59409487073633,0.49715768330788324,13.908118512039657,69.086743452119,0.5015115407930443,1.6353041778194701,0.18771569584660314
3.50,42,57.43427068051233,60.952219085876116,0.5052829953367448,54.8221757239159,60.12118628332228,0.4967544470069625,56.17779956668015,60.55304686426189,0.5013245319062452,1.6353041778194701,0.3080372905953409
3.50,43,20.024544222845677,67.188782055593,0.5046527999787657,16.322911094859045,67.12120453065245,0.5028461788895242,18.34977345126068,67.21033300833098,0.5048875195732894,1.6353041778194701,0.01826063073635424
3.50,44,24.97770420690371,65.06774657666082,0.5093790046905246,20.991014559174136,65.07754370519498,0.4962892656622508,23.209234154800768,65.09578399637144,0.5005106260182741,1.6353041778194701,0.004101143075754855
3.50,45,67.86243211015807,46.015595639321724,0.5089408828345029,67.64869538294309,50.181261155175584,0.4961017873645559,67.75965453996884,48.00459030511756,0.5045249821234358,1.6353041778194701,1.5195323819373188
3.50,46,61.52044915506675,39.612575264667555,0.5129119166629266,62.37972185268908,42.04113380739775,0.4984548161314049,61.95799806561484,40.8314984567555,0.5266787771978785,1.6353041778194701,1.9108646726378247
3.50,47,67.10596261084082,38.79998243253801,0.5132355581384533,66.90341032674205,36.04717428464284,0.5060783952691531,66.88920126660535,37.47855112031194,0.5156956202261591,1.6353041778194701,1.4973486935611517
3.50,48,29.008791227234948,66.15868915220206,0.5135392298312998,33.115804784615975,66.42474268577314,0.4933057466161238,30.989225541503416,66.34804544179994,0.5479177312457877,1.6353041778194701,3.076716471862882

4.00,0,57.69632250366102,20.351253121750506,0.4992437431801043,52.668341803713695,20.77322655659701,0.4992437431801043,55.182332153687355,20.562239839173756,0.499237385830065,0.2731595988843809,0.08372881979122121
4.00,1,20.23596413442461,67.72151001608238,0.5107533697524044,26.133716114310804,69.01335398558784,0.48991092264820785,23.101170228299733,68.21736129194572,0.4972806390305874,1.6353041778194701,2.9259309519175454
4.00,2,65.98418086508778,42.50923409855138,0.511058806864269,66.20337068590098,45.18185094177401,0.4921183186196742,66.1260287888461,43.78013128351415,0.5024314790107929,1.6353041778194701,1.6526243271053802
4.00,3,66.30842654463305,60.58132054679813,0.4994698742440772,61.89491134083182,60.35839016251802,0.49780249223817147,64.09954855265147,60.470290750528974,0.49866396096506527,0.06548177867838366,0.05046936340346743
4.00,4,69.87073074339348,59.02536136296866,0.5028509718952976,73.61300447278096,59.66807969980587,0.498777682388456,71.77034432457941,59.34782231784088,0.5008318702191704,0.0,2.9715032521985716
4.00,5,61.90073306998501,36.52347002180521,0.5000448312135505,61.34849604667722,33.57470489935156,0.4874114202869597,61.6749291413805,35.04240885555406,0.4965656866507789,1.6353041778194701,1.3856650997413604
4.00,6,28.406539530331933,67.23252915273254,0.4855122606570557,25.950999036517047,64.5882703150388,0.5167636840582089,27.262362698222766,65.93595761695494,0.5010293692389928,1.6353041778194701,0.8224211606460066
4.00,7,72.88503331545294,58.543983090472494,0.49849199594404625,68.66267334763727,57.820395658821354,0.4984733830756036,70.76936681663399,58.18079679877959,0.49846078449024384,0.0,0.16972174321883923
4.00,8,68.73258186320402,45.04273277283085,0.4858522799377672,68.45746416851952,40.96119776080545,0.49518147350252595,68.49937891684972,43.05286834276655,0.49065866262531954,1.6353041778194701,1.5034928624312023
4.00,9,61.38411797075573,61.29479385750163,0.5019275378836628,67.18624818403434,61.91586963205046,0.49863351484344465,64.30354717740802,61.608001763473624,0.5002733381219262,0.0,3.0349544984826733
4.00,10,18.756406950802894,69.293341889354,0.5073795414635633,21.08111148019928,70.02981874937966,0.4924859706433554,19.867254069562534,69.52192414264829,0.5042141884820153,1.6353041778194701,2.8347322019852803
4.00,11,60.209818428081505,39.78376018365139,0.507331705759272,59.300929888645044,33.85570299365305,0.5036092297694859,59.82887881814875,36.809345457557185,0.5058962771429509,1.6353041778194701,1.4186612529283882
4.00,12,31.553003211717087,65.01833189295799,0.512720816781452,29.346331219058197,64.32822162195328,0.5100307854886468,30.414234736395343,64.72750498431265,0.5296852138450652,1.6353041778194701,0.303103878760988
4.00,13,67.11827318086824,59.94896769756499,0.5025842668172565,69.82294422897003,60.02001072975086,0.4969935227647968,68.46158334661723,59.9852067759053,0.49978982380884185,0.0,3.1152507473248865
4.00,14,73.35120800937163,57.577807140425875,0.5011834800312852,78.36365843956766,57.21361510096658,0.4991123191354511,75.85743322446964,57.39571112069623,0.5001529785079047,0.0,3.069061452482958
4.00,15,64.89136757405102,41.60211578678848,0.5182191936573926,65.09353102188435,43.6927978984936,0.48181389986894313,65.00350854989249,42.62535737072439,0.49765230176220554,1.6353041778194701,1.6671794630529673
4.00,16,67.34376140780036,60.94026130233205,0.5020896978592042,72.93163444861632,61.087373841231646,0.4999894044710252,70.11913370319387,61.0140033963293,0.5010430098089527,0.0,3.1152689442281467
4.00,17,69.7606716493257,45.78499091885758,0.5105176683684133,69.4486807525711,41.02207401383169,0.49651668192066845,69.49533186352511,43.48146436919387,0.5031272637728821,1.6353041778194701,1.5053858910632842
4.00,18,32.83461303783516,64.27854945529856,0.5103225995223398,35.735428240999966,64.93987204405715,0.49320386901824886,34.14879381776619,64.57708694443528,0.5014465585489088,1.6353041778194701,2.917372752057422
4.00,19,16.831970340345006,69.71856930797661,0.5077276889665652,21.033735136048353,71.04842682725395,0.4951257710160875,18.95369764510497,70.32646340248087,0.5017766625913695,1.6353041778194701,2.835055126834368
4.00,20,58.50470972079462,61.37492975499982,0.5017548578753795,62.65603949844265,62.762295727553685,0.5015419654679589,60.56916789731344,62.05754973037643,0.5017188827724942,0.18178705984067975,2.8190641271959365
4.00,21,66.64344376997735,59.08213620659637,0.4977616116091644,61.22074390964501,59.41389426871504,0.4996098881101995,63.91776704480305,59.24941141057228,0.49863670520219106,0.0,0.061104285900350455
4.00,22,60.45717512260035,34.11876722006007,0.5092708956496931,58.785006483033534,29.808419765818613,0.5060407023798394,59.73709034143788,32.23546451070434,0.506712963554868,1.6353041778194701,1.2007271224951355
4.00,23,65.44078655866494,36.40515928638636,0.5080240692628484,62.43369456637076,34.097630415578415,0.5147559729667871,63.91488361963884,35.23382799883626,0.5096932431786784,1.6353041778194701,0.654522717311254
4.00,24,63.75200102643552,43.314605770747285,0.5065791757169933,64.29281687953294,45.6955185091913,0.49373501799698183,63.979343047104265,44.41548048323342,0.5018025404586892,1.6353041778194701,1.794149697358721
4.00,25,27.98859073728084,68.17790568910983,0.5135498877285299,30.7185418408794,68.46915308433407,0.5015966338742269,29.333718501737476,68.33126954940309,0.5319940564106611,1.6353041778194701,3.0352199337083645
4.00,26,19.951686168550292,66.0072113270646,0.5160256846280834,26.804744884113106,66.93291369571367,0.4876343102145429,23.405190199187185,66.4080968870436,0.5028731021361383,1.6353041778194701,3.0072642422746036
4.00,27,66.27290746758935,37.797100881126696,0.5110054733089939,67.15822631675177,43.21941420100078,0.4835626559141832,66.71362453266651,40.60815241311363,0.49899345986361576,1.6353041778194701,1.732639482408955
4.00,28,20.347898220277106,68.7690775190825,0.5138062892716605,24.30446071376594,69.83272755699359,0.4854293750347831,22.313593866300508,69.42422716699964,0.5013476961342683,1.6353041778194701,2.8788807060105133
4.00,29,57.692396979146274,28.903638724351573,0.5040307019457535,58.44862812317577,35.13641273409843,0.4945313815130849,58.15375783238231,31.991763537900468,0.49933503225279363,1.6353041778194701,1.6915373982065167
4.00,30,24.632345840964916,62.67091512645604,0.48674563180181557,28.87873740351835,65.19816340742435,0.48628098617741383,26.725647194285287,64.00449996899543,0.48459826209574497,1.6353041778194701,2.60474550332769
4.00,31,66.47468616080138,47.25953661376438,0.4882196490348951,67.68793812266,44.03621162451499,0.5168867584220651,67.11039164217064,45.60320299105912,0.5054923199031673,1.6353041778194701,1.930778735586019
4.00,32,63.16410800905293,32.097012966820245,0.5086915274344608,65.51181597368442,35.21872995987441,0.4949450309484519,64.22897232096524,33.61187320942044,0.5025749508972196,1.6353041778194701,2.215607723250085
4.00,33,33.86320644440537,63.502455035438665,0.5042787335180707,39.22476671699829,63.87253976382263,0.4964897550859393,36.55355185583217,63.69583537409325,0.5004476231278351,1.6353041778194701,3.072661187403882
4.00,34,62.74595926509728,33.17373988388608,0.4871710556794932,59.62021239971817,29.304316542973112,0.49318695887191893,61.1694364492423,31.351347329848874,0.4922675700056012,1.6353041778194701,0.8913137669743603
4.00,35,69.1226772469221,50.95878331682142,0.5038777031295727,69.02909813570882,46.44841502126776,0.4894841435203259,69.1205595318784,48.684218824271994,0.49769510179468435,1.6353041778194701,1.5500518543098971
4.00,36,29.37899830700457,67.25030021158436,0.5139263063865342,36.311047874472905,67.99181681426917,0.49466831382141235,32.73004475061729,67.60258923148757,0.5048086849275564,1.6353041778194701,3.0349928943878326
4.00,37,65.14225198747191,44.66262706626132,0.5166494422093535,65.90218517393222,50.366085985865936,0.49100709837836304,65.50961472593835,47.2910049038673,0.5025403818011225,1.6353041778194701,1.7032555760257335
4.00,38,62.344323444771845,44.67192479523627,0.5167095213601753,64.78343509275766,49.350687344310685,0.49507243108443005,63.666990480229614,46.73142907764432,0.5037348927175755,1.6353041778194701,2.051346213914278
4.00,39,20.25681384569263,64.98813748152543,0.48500707485547556,13.669675086640561,65.79657798974361,0.5030551713540667,17.033474947525473,65.45121383989513,0.4926437512036045,1.6353041778194701,0.1221495674018904
4.00,40,25.238786870743763,70.11289088032184,0.5141318606164932,31.000705476227154,69.43654677085394,0.4939209191438481,27.925921651343803,69.70927546725613,0.5039882185820527,1.6353041778194701,3.024693915342618
4.00,41,14.668519994693357,69.74179309476165,0.5063302966140647,16.96491036770299,70.87860458204158,0.4924614526424766,15.736125805869069,70.26379870518181,0.4992544320333089,1.6353041778194701,2.681889087416279
4.00,42,57.602733470658954,60.972794555259235,0.5032329666664667,54.03753296306239,59.87395287861021,0.49727666073666865,55.83312716432425,60.42908781367967,0.5002780422975829,0.21352807304420338,0.29897879296016805
4.00,43,19.643160671127646,66.9351761945834,0.48475056840340397,13.280021697818032,66.77636263910526,0.5050528188348681,16.579298373136588,66.8652325440295,0.49243633912706763,1.6353041778194701,0.025156170857177258
4.00,44,25.20331058916772,65.22178329604264,0.48798834014253695,18.673298414573765,63.57993770448868,0.5104842957583661,22.008090184437876,64.44605724801534,0.4987467438313957,1.6353041778194701,0.2463469555820389
4.00,45,68.08013075630573,45.77424008380051,0.512225447035568,67.75079792328287,52.7452877169505,0.49499677216638793,67.89088357090986,49.16735792377524,0.5036173058677378,1.6353041778194701,1.5235886240001737
4.00,46,61.12384829843145,39.2890008291329,0.49293922689287223,62.54830486862058,43.71058266728983,0.47962347155208823,61.86354483336531,41.3892218834908,0.4890608708301527,1.6353041778194701,1.8824560308607374
4.00,47,69.63641071045953,39.027144059927096,0.5078145912898608,67.25551129532177,34.58359209566348,0.5062243483805917,68.41382452403678,36.82328722506631,0.5084561122182865,1.6353041778194701,1.0789128382350495
4.00,48,28.792147914132062,66.18867422634051,0.5107871068548828,35.62002150130888,66.93027873871101,0.49336431375148004,32.15481039199193,66.53453000925153,0.5032422126698424,1.6353041778194701,3.03337287376176
4.00,49,58.75358054960932,28.625215207831946,0.5030326966745331,57.348281355698816,25.589010823953153,0.5016819409346521,58.04713560573926,27.108870030061418,0.5024993003498368,1.6353041778194701,1.1373100805362322
4.00,50,31.895470633086543,63.98096379587328,0.4897680644216703,25.856474544546813,62.2572509168097,0.5102984205563333,28.95187209333097,63.22130119660015,0.5006644077743627,1.6353041778194701,0.2780558696322095
4.00,51,62.87207612781831,36.66995072411356,0.5062138573562927,63.936260812169905,41.44077617579786,0.47702103763798476,63.375809207245425,39.06432124879865,0.4965944864474386,1.6353041778194701,1.790260376279931
4.00,52,60.63173484948143,35.068411150354244,0.5105453317577546,61.08400039503238,38.33180230384113,0.4872656970636147,60.92124848156266,36.773266450468,0.499107279429462,1.6353041778194701,1.7085032910311724
4.00,53,69.97347390375624,51.461941067833244,0.5062422132263709,69.92326729647174,54.99634702938463,0.4951142584655515,69.89812993576854,53.19094115319933,0.5008692710201879,1.6353041778194701,1.5565922476748273
4.00,54,66.99161681041984,48.085455537822114,0.5124399309602379,66.80385551791699,52.03610471322002,0.4994039043827623,66.86395587453393,49.942650075460946,0.5055502082569139,1.6353041778194701,1.523305627243916
4.00,55,13.701175538099031,69.58194096850478,0.5049747012746604,9.210611098691489,68.08296180363601,0.4969804679806957,11.564258506823073,68.85247029344458,0.5014680237195948,1.6353041778194701,0.32218052816551246
4.00,56,65.92138349829231,41.525427745242325,0.5069257897632488,65.2713715134853,37.65404733833062,0.4933048051162777,65.56721265193185,39.73390710098452,0.5011143550662257,1.6353041778194701,1.4044470881836242
4.00,57,63.18640017949463,42.50367549410315,0.5213153338536731,62.067505104740434,38.33502448654963,0.5109665323267699,62.64931351857521,40.49522869425661,0.5119093339708503,1.6353041778194701,1.3085706272389048
4.00,58,62.52699993307449,31.348702329520442,0.5073304020859775,60.82851880043477,29.246703023770518,0.5055783307344462,61.67833116468414,30.421199742872762,0.5068926184693301,1.6353041778194701,0.8911775980921287
4.00,59,64.73935692442231,40.64437517252923,0.5130621219734428,63.910615612880704,36.46261819413659,0.5065799947204768,64.40737106527628,38.692016666364324,0.5111194950028379,1.6353041778194701,1.3751514427777722
4.00,60,66.41031013743434,36.55210218281826,0.4981039805834767,68.12657320999786,38.28948418243193,0.4898839276205422,67.13858566316028,37.43682220362956,0.49453969647453994,1.6353041778194701,2.3500740032149476
4.00,61,17.82150833109452,68.99003522848908,0.5082302457951895,14.226014728631126,67.93172729274882,0.49516889724406715,16.077874107618683,68.52296851540184,0.5031474158491126,1.6353041778194701,0.28627935654697834
4.00,62,19.474261791561812,68.34275633363642,0.5054430194369507,17.441785699660777,67.86105057870977,0.5074017072914008,18.631750143418735,68.1224328596769,0.5100122152725528,1.6353041778194701,0.23271245562656534
4.00,63,32.51300291458461,65.24717309783802,0.5125447503920868,36.0036749730675,66.00719737909661,0.4996155692336655,34.25351189011003,65.6359063216214,0.520794623734845,1.6353041778194701,2.9271784353451924
4.00,64,26.963910165418177,68.02105586998398,0.5126948289041253,23.815393797953902,67.5089801535651,0.5122265692412539,25.393502456605436,67.74491219201417,0.5384161805510552,1.6353041778194701,0.1612286798797262

4.50,0,57.92869229317917,20.33175148002015,0.4993007644650405,52.435972014195585,20.792728198327378,0.4993007644650405,55.18233215368738,20.562239839173763,0.499295544652074,0.2731595988843809,0.08372881979122253
4.50,1,22.81367948855853,68.6192421020026,0.4808308625103409,19.021878641906948,67.42934793651544,0.5218120682843367,21.050511601175323,68.04642261652874,0.5004301930268271,1.6353041778194701,0.3042446407385817
4.50,2,66.23594366413232,42.21653296055461,0.5271927167753738,65.57543995398905,47.100307550447134,0.5273074632846971,65.95251828776068,44.5693941776718,0.5257144373472169,1.6353041778194701,1.4363674713363301
4.50,3,66.34174228026406,60.55674164916067,0.4990609801317658,61.92487527480881,60.37303513529163,0.49772587323288836,64.12980265024669,60.465720731279575,0.4984153089088277,0.0,0.041569179094909633
4.50,4,69.59867389235434,58.95728757098558,0.5023852963313219,73.33239556113297,59.683221784808225,0.4990536665903186,71.49173998908856,59.32375346908131,0.500727756786433,0.0,2.949560011458947
4.50,5,61.323256663363004,36.65279231587095,0.4817816734486365,60.400048442182914,31.333731180481628,0.478148251377603,60.95889977856275,34.016316746943225,0.48155097603240615,1.6353041778194701,1.3989424161020838
4.50,6,28.893776661640814,68.00414128585464,0.48132135133917686,24.620246150532342,63.431920047466726,0.4832831325718842,26.742099244527704,65.74525504899009,0.4869484104066082,1.6353041778194701,0.8191519583238214
4.50,7,72.95269647544326,58.604915847253146,0.49859054066292163,68.74911211308243,57.78992904523991,0.4987147323354089,70.84161294663176,58.19571502457133,0.49863670170886965,0.0,0.1915031330433544
4.50,8,70.51057971198017,45.49814921027386,0.4791603689619279,68.21387088733378,39.05680690176969,0.4854282080342065,69.23183674305047,42.31256036645327,0.48347087707809755,1.6353041778194701,1.2282917844120105
4.50,9,61.236974097878345,61.29779569962497,0.5019256324345374,67.041073034468,61.82976557058339,0.4988098513298129,64.14998122169942,61.56831034650324,0.5003582145673952,0.0,3.05019228522586
4.50,10,18.898535824525013,69.51430692988555,0.49081122653315595,23.240264487238438,70.78861784240324,0.49520138259181673,20.944880731265712,70.08807362275238,0.4905893938510124,1.6353041778194701,2.8561053012272177
4.50,11,59.323906417428866,36.88071219482753,0.48600611799639665,58.60386621099538,41.96469616054284,0.490909202567055,59.00917961444574,39.311684486016446,0.48800809427919845,1.6353041778194701,1.4301029994869023
4.50,12,31.981004169725686,64.44767912694924,0.5123733890207874,27.936292535922068,62.92721262603224,0.5102189637875757,30.054943146882774,63.81782257817967,0.510689363256998,1.6353041778194701,0.359572675539043
4.50,13,67.21163252655538,59.95147554225435,0.5021203109988137,69.91580406054563,60.02662816328886,0.4974369131158811,68.5542249654748,59.98789281578473,0.49977804108021207,0.0,3.1137545679670913
4.50,14,73.35111905212587,57.577813603835644,0.5010230424770696,78.36374739681345,57.213608637556845,0.4991953081944485,75.85743322446966,57.39571112069625,0.5001122658781925,0.0,3.0690617111342062
4.50,15,65.45704450597349,40.90110107881786,0.5265311316582033,64.90632029944908,44.8971359302289,0.4784245737142834,65.16953259527867,42.97096354949953,0.5009250496719508,1.6353041778194701,1.4338512032075061
4.50,16,67.48853365049732,60.946184136295756,0.5018321635729082,73.07549113791492,61.10083791496398,0.5001310534277496,70.27074798414708,61.02197408722209,0.5009880018319497,0.0,3.1139168310621135
4.50,17,71.33582327593766,44.53559138280737,0.5113544853955414,71.8291267466924,47.552452702485176,0.50818097506014,71.39857665472002,45.827556655007726,0.5126132467651998,1.6353041778194701,1.7328773206252501
4.50,18,32.95104264895261,64.59100524227136,0.5241709457718863,38.24896068288483,65.1721325620195,0.49415541074612374,35.43793811552264,64.90133965948817,0.507223337047827,1.6353041778194701,3.0321951993440384
4.50,19,19.232089861689918,70.67047220609328,0.5134221763490076,15.670631524051762,69.49214625872484,0.5230455007195114,17.44687446574101,70.0530291932213,0.5620588256035501,1.6353041778194701,0.3195282546770715
4.50,20,58.4843897944218,61.435706169480234,0.501134113474289,62.855479815905085,62.87483044763094,0.5012349638863824,60.6629366750621,62.14844421913362,0.5012171629782913,0.10825173018455717,2.8235333771490096
4.50,21,66.72990669790937,59.08743662052195,0.49822232954777007,61.310389403671905,59.42522453927218,0.5000504357520437,64.01576196532218,59.254235079561596,0.49909290030292636,0.0,0.062248431670663316
4.50,22,59.531230301348664,31.967323551488438,0.5147779422679719,59.87980928525277,33.97487571647112,0.5164752516840715,59.74209432122257,33.0367645935439,0.5157292890156226,1.6353041778194701,1.7427160580033392
4.50,23,66.59499373063014,35.64471634841191,0.5276552140867767,61.45089534688697,31.737462769238522,0.5264063614806949,64.10500250169387,33.87563335369356,0.5254628667520067,1.6353041778194701,0.6495917827664872
4.50,24,64.18738723132968,43.07425623638809,0.4747226498828565,63.57069030354201,47.542706586914186,0.48023803764061473,63.950116980167195,45.15528253805172,0.47744693755851486,1.6353041778194701,1.433651426735071
4.50,25,28.144538455491208,69.41408527835483,0.4764405835049067,33.0500946094158,68.81456408789212,0.5215494670352256,30.370302189646885,68.92763026569386,0.500180605868977,1.6353041778194701,3.019642672553518
4.50,26,23.426644799852774,65.95737762989418,0.4807747507004962,17.547120679154943,65.32619491430148,0.5147709542022868,20.529000998963653,65.70971334561095,0.49626210415068817,1.6353041778194701,0.1070969449379516
4.50,27,67.55069654177926,40.903769227548125,0.5217491155601922,66.81564048645446,36.57330488662752,0.47891704361810233,67.10593387094391,38.723586921143465,0.49816010953654066,1.6353041778194701,1.4026662653474702
4.50,28,19.41570892147459,68.6370876007205,0.5146758138856866,25.994357269403455,70.58826218332503,0.4828996692722734,22.668201579790633,69.54225977169686,0.5003848676734519,1.6353041778194701,2.8532292257131715
4.50,29,57.75919312263321,32.48654433326134,0.5135880235137045,56.26192557746097,27.075846378097218,0.49320503591957093,57.126338843257145,29.917777782027095,0.5039148048943214,1.6353041778194701,1.300830276364776
4.50,30,25.960733927016825,62.88045178566909,0.5063053544904333,23.24857086517926,61.84429579560738,0.4935667759574943,24.657791068631084,62.407712547154404,0.5000595228219537,1.6353041778194701,0.3649539786252583
4.50,31,66.32689187050863,48.64431721083048,0.512382192561104,68.56373734623978,43.03528448471215,0.5248111175790144,67.39414982420517,45.84771454625774,0.5118448683739225,1.6353041778194701,1.9502612917480258
4.50,32,63.706461178226995,29.11966004563395,0.5134967904410602,67.20966213192592,34.72566229633461,0.5211733700060963,65.45150747017698,32.2543941609152,0.5075379197482193,1.6353041778194701,2.1293246091851605
4.50,33,35.926788171754566,63.93631612889929,0.5039663455807429,32.76342917047403,62.51057546794692,0.5114087570521038,34.38062799731091,63.28855956192889,0.5082720353290016,1.6353041778194701,0.4234448758640941
4.50,34,62.7817354298507,31.53550287988423,0.5050565721707477,65.2710003661621,33.41575409063359,0.47109144616271387,63.87137583416006,32.49428082636278,0.4909680658738591,1.6353041778194701,2.4946017220944787
4.50,35,69.38466633300787,50.05183274749962,0.5084758017095585,68.91590298002254,53.24500505129724,0.5020440713197482,69.12949674355634,51.57284139608351,0.5083251795937394,1.6353041778194701,1.4250359798815944
4.50,36,34.04626915626795,68.14478524452774,0.4767340963831398,28.597170654512233,66.2806899549168,0.5095982813630012,31.230814310522128,67.23259033537123,0.4956705792636045,1.6353041778194701,0.32966049953466803
4.50,37,64.44757440416608,48.2517692260205,0.48429428849477874,64.77100426132164,45.853179502388464,0.5216086346212795,64.70919916780159,46.919009422701436,0.502869012833276,1.6353041778194701,1.70481353828891
4.50,38,61.75694348325358,45.97369234301596,0.5044215239049993,60.779315136948455,43.714789629434186,0.5012814073571301,61.35354487500222,44.90123226318042,0.5040117621937592,1.6353041778194701,1.1623471825857805
4.50,39,17.193207106673647,64.25842532694777,0.5047057939526157,21.598121057157496,64.78563123359366,0.48898983351090175,19.418133231403342,64.59821619077192,0.4973744749697476,1.6353041778194701,3.022421006113809
4.50,40,27.443689352690665,71.5417910277863,0.5115642865887389,24.291421749330535,71.54109208549524,0.5112216771234849,25.92112996468402,71.42078137520402,0.5106779776055097,1.6353041778194701,2.4693232903244045E-4
4.50,41,13.566362952098615,69.58335160457237,0.48341657087080525,17.853824051936407,71.53410809878275,0.48820251994469643,15.744894961427239,70.5600705975394,0.48623812367971353,1.6353041778194701,2.714594780275984
4.50,42,57.62884297925174,60.93954313629801,0.5023040845199804,53.808794567577266,59.80458847121748,0.49800784874372817,55.72659528416875,60.37652794894812,0.5001613964251506,0.14518211823078248,0.2888004786352416
4.50,43,16.83057552317177,66.22209690553466,0.5167559359728521,21.197106363199566,66.69479598596607,0.4767000340781586,19.1271827502273,66.52962986005491,0.49624683610507025,1.6353041778194701,3.033374060327831
4.50,44,22.341158154147024,64.1586494996244,0.5164048466034202,26.14176548228523,66.46340298204919,0.5205550775566696,24.19369805807422,65.38472084755702,0.5127779305114237,1.6353041778194701,2.5964672938385336
4.50,45,68.68021011943927,48.83614627016737,0.4800351245612168,69.07606082036544,44.36502601199717,0.5158976026697927,68.77798555196927,46.63692639115813,0.498364629467303,1.6353041778194701,1.6590982726832921
4.50,46,61.31532490159299,42.86419082488276,0.5111748799613076,59.968497078514346,39.27428499075098,0.5142671233550206,60.68037366205472,41.13688811911058,0.5176059023069917,1.6353041778194701,1.2118760495151655
4.50,47,69.44360573676312,37.16566028798232,0.5101517335829039,70.87230433471419,39.967216736649085,0.4957337608896546,70.01868717105846,38.5418388939236,0.5044458925667229,1.6353041778194701,2.042379570425699
4.50,48,33.023026407735976,66.78344786348977,0.5293472014151487,27.229876109058697,64.81490679692467,0.5216052280466927,30.18226087690815,65.89979944615341,0.5218617598269188,1.6353041778194701,0.32756600108973966
4.50,49,59.25648650935219,28.177316398959693,0.513581574816326,56.01129544165675,23.30615829717406,0.49643385726521955,57.653218864208576,25.85282015889168,0.5046221915770563,1.6353041778194701,0.9831160972753236
4.50,50,29.605168347256395,62.51363472962785,0.5145603756279248,32.89408401138664,63.632072245530104,0.48054586673584476,31.165584594949557,63.14553041019309,0.49855309373674,1.6353041778194701,2.813657026862579
4.50,51,62.508458456263725,36.91933729468121,0.5150167357059507,61.998349876653464,34.87779645725777,0.5212168385161972,62.371172002578106,36.154909967829965,0.5202834290335052,1.6353041778194701,1.3259462821449526
4.50,52,59.79699224683311,34.95152352209602,0.48978148690839673,61.47958947751429,40.55301991332664,0.4846418277185638,60.59914701994687,37.5904218512785,0.4856790513424727,1.6353041778194701,1.8626048258409638
4.50,53,70.36021808962303,50.1223134351027,0.5004922381260819,69.85314576808547,56.234683868721085,0.4970379588771986,70.07596964338568,53.194108196219716,0.4989050651874867,1.6353041778194701,1.4880274915331826
4.50,54,67.8265628021354,47.48806253081208,0.5159820662806881,66.76279135597267,54.08092564597395,0.4927553488959247,67.25950338931364,50.69376973680248,0.5055794345323281,1.6353041778194701,1.4108240965690457
4.50,55,11.218618290602093,69.39121355582891,0.5076283011615708,14.191205325532419,71.03506518344305,0.5079723676445007,12.668557963306197,70.11792055209368,0.5078009062525726,1.6353041778194701,2.636446255397097
4.50,56,66.6619478013278,41.31995657508798,0.4762576248052506,64.25974902145654,35.10688201864527,0.4907525667274979,65.40601112722545,38.31218475044639,0.486251479088036,1.6353041778194701,1.2018643062176386
4.50,57,62.462572930532694,40.6947066459592,0.5120070655858585,63.06080406534694,44.12278686725204,0.5184626681852746,62.78963992886535,42.42187446087486,0.53013687780716,1.6353041778194701,1.7435653235815485
4.50,58,63.35612240259651,30.736915689001442,0.5058913035170978,59.8380161070404,27.275747185375383,0.49237953817644203,61.511395500030524,29.099210215442763,0.500162645821656,1.6353041778194701,0.7772440294021612
4.50,59,64.48822032816479,40.771023176918085,0.4752974997354942,62.74627731254595,33.92715234561481,0.47587408323605473,63.687606870075115,37.314449339763364,0.47388976272111794,1.6353041778194701,1.3215624641457784
4.50,60,67.58460144549478,35.61634835552741,0.4832946061232277,69.58760775324407,39.653241846572975,0.48074557595241446,68.49691533465173,37.732945946643696,0.48881787699039925,1.6353041778194701,2.0313793121780304
4.50,61,18.00926314066123,69.1072289077994,0.4872319801537587,11.812733093453634,67.51804305997145,0.48678175200488893,15.046636652402047,68.32154573710744,0.4868628965802051,1.6353041778194701,0.2510529671792648
4.50,62,18.519542912687147,68.2472710524883,0.4789214673376997,14.6633285595318,67.24175035398954,0.5101790172446122,16.80211545176556,67.77439616589669,0.49633195467521185,1.6353041778194701,0.25519148451072404
4.50,63,32.22209241289935,65.4973826309779,0.474164333453414,38.32050215914746,66.15880591062658,0.49397198085684046,35.22568163970722,65.8529173510702,0.48733779242140884,1.6353041778194701,3.0335085714636487
4.50,64,27.2558201740944,69.06119352050648,0.5313581449969913,22.148090705051033,66.81726143862777,0.5203323638865128,24.620968742252593,67.90569023553923,0.515018753507844,1.6353041778194701,0.4139421894673694
4.50,65,68.44833183795065,49.77770192495414,0.5166912795075755,67.56188420876745,55.26108113095396,0.493923058172368,68.01085894714336,52.307489458639374,0.5050513558124486,1.6353041778194701,1.4105234703465104
4.50,66,24.127820178537746,66.62565884333807,0.5151485930168817,27.764459855109394,68.23382388415322,0.47581831299963046,25.792952569028817,67.3518570131065,0.4976600754964244,1.6353041778194701,2.725123630714034
4.50,67,33.92610889359247,69.22361696377804,0.5076228701454347,38.009736528082,67.99269109512275,0.49592801494288535,35.85287390627736,68.5099808861985,0.5035699751472991,1.6353041778194701,2.848812429434052
4.50,68,33.980141449346085,66.96620109971164,0.484873489049166,37.68855606003631,67.06985640776071,0.4967667718919532,35.66752770028914,66.98686910634441,0.49047057237513336,1.6353041778194701,3.1134653048451524
4.50,69,16.61571652922018,65.057961913603,0.49260300272529417,11.593108413830324,65.58119213745964,0.5034512566272953,14.411413022229617,65.40061385478154,0.5030915473927817,1.6353041778194701,0.10382273682650127
4.50,70,22.636337341887085,63.18428481486157,0.4924862786979153,17.43994806911197,63.1924602683981,0.5031218945663104,20.03572837213528,63.29528359149873,0.5003547108780342,1.6353041778194701,0.0025815381706393195
4.50,71,57.58266504527867,33.450108976688334,0.4986818400473752,57.969436752463835,36.649494331266546,0.4916042376919775,57.85581795687996,34.95782333040941,0.49726613178265866,1.6353041778194701,1.6911016220973618
4.50,72,15.87380037624273,66.11948998380748,0.4823081806876698,11.343381307095715,66.59036121952997,0.506899563483715,13.935349235687012,66.42471593650951,0.49494272823526175,1.6353041778194701,0.10370374879151066
4.50,73,28.85867593307714,61.89100683270719,0.4865723541684356,23.576536814410527,60.90486049722392,0.5070960189265395,26.335825142555407,61.51015565956622,0.4965460347578165,1.6353041778194701,0.1846087617362681
4.50,74,58.87909986026815,36.0132231136114,0.5151911223708593,58.68880851144466,32.772327892966096,0.48478142621112835,58.83576535087687,34.4602402997928,0.4998202188262011,1.6353041778194701,1.5121505634671846
4.50,75,23.772121183683826,68.56332098722864,0.5163492370723088,27.826165420318848,70.32892843926936,0.4796512961944291,25.735362464013733,69.39490456594118,0.4992050634475827,1.6353041778194701,2.7307683084251195
4.50,76,65.346576536097,48.62657498656899,0.5156315015226641,65.78034876800082,54.087430728844915,0.5031148362637964,65.56519503718609,51.251081416796396,0.5108778450122037,1.6353041778194701,1.6500626996952665
4.50,77,28.37380316585393,71.14777433757432,0.5143882760148651,33.11396332002022,69.78892558726808,0.48824613069686146,30.574688385677796,70.29490601301737,0.5020497811788078,1.6353041778194701,2.8623631429794227
4.50,78,67.56604611595579,41.867531415584956,0.5096455726729417,66.84418973007054,44.878279422582594,0.46011458520395965,67.14736823820311,43.17170159069926,0.4874069763508661,1.6353041778194701,1.3355091376031858
4.50,79,62.05886626859733,46.908197181437934,0.5133473394239939,64.53751737408395,51.07345483892544,0.49658871130746274,63.427291474923734,48.79927084890669,0.5028513983544227,1.6353041778194701,2.107584921780844
4.50,80,36.847757889807404,63.60396880462415,0.5064303063801708,40.77042114690493,64.01444116175941,0.49563449946638855,38.723452663902556,63.83557134947665,0.5012812491384491,1.6353041778194701,3.0372950605966396
4.50,81,69.0827333114609,36.255510691625474,0.5047444948289498,67.3657633920332,32.90090703040491,0.504764167396272,68.13750961627174,34.75815478670529,0.5077596539769916,1.6353041778194701,1.0977335546631353
4.50,82,62.02420789771523,30.932836196244708,0.5053705679813829,58.95480916333776,29.106927556996823,0.4839661860170884,60.527922316607174,30.110514884259814,0.4959016144000795,1.6353041778194701,0.5366728007864664
4.50,83,62.75387472521872,37.85431986098214,0.4940969823105496,63.85759267615785,42.15966105757988,0.5217040317207066,63.43491624906339,40.065320879006954,0.5110917501650685,1.6353041778194701,1.8217470601216732
4.50,84,26.677036916975734,63.560537167756124,0.5070369268469811,30.267732638336224,64.82457775024324,0.4761324139903253,28.36716932610977,64.17930609261049,0.4925670848763365,1.6353041778194701,2.803014946628971
4.50,85,70.88637113767359,43.67841608848038,0.5125192755228416,70.04742449524025,40.49692763075986,0.5193522553082796,70.31361393559794,42.00149380566583,0.5121420714302408,1.6353041778194701,1.3129697399067781
4.50,86,58.698209207118936,31.459348289609075,0.5112283587287474,57.38689725236305,27.45320272912501,0.5103914826511748,58.21853092177093,29.477166088347516,0.5121396854199773,1.6353041778194701,1.254462909497763
4.50,87,69.62890134822736,49.10238186022034,0.5115481488389091,69.8864815384935,46.247606807582955,0.5114092038466381,69.64668405902549,47.69885798084436,0.5127655404979647,1.6353041778194701,1.6607805068465231
4.50,88,61.82696329650387,43.69373801968025,0.5075162375954237,62.79920911714037,45.929498036699755,0.49193071775663955,62.33204752730269,44.70292128412609,0.5026249462455281,1.6353041778194701,1.9809810785435022
4.50,89,10.363150498695688,68.9053895640873,0.5058633501579226,7.724551520900466,67.48978815874078,0.49731247268984946,9.111408166069905,68.23377624536556,0.5023000412221308,1.6353041778194701,0.49242503757476613
4.50,90,62.242711868005074,39.745820044222874,0.5146816343144953,61.67942416745092,37.56746535347733,0.5122181168047686,61.99641890515853,38.59645228276445,0.5273486350719176,1.6353041778194701,1.317755206027856
4.50,91,20.17998883953751,70.94775501319563,0.5135227860642754,22.26260333635705,71.51924616189743,0.5047864254920781,21.23097767622142,71.23037436238914,0.551272217604453,1.6353041778194701,2.8737448234339538

5.00,0,58.20206013262012,20.307784117908447,0.49934548226478304,52.23625599575048,20.877421592075066,0.499498083025277,55.21518389033497,20.58951119406372,0.4994123758933048,0.2731595988843809,0.0951951712179544
5.00,1,22.666512726583765,68.51755491075451,0.465044456116116,16.13453529548848,66.88400776939953,0.5238196154024775,19.408020967730202,67.64779349199466,0.4916735074807418,1.6353041778194701,0.24521060308483872
5.00,2,66.06718896896453,44.01296558148638,0.4879910667083638,66.10629475554015,40.438221058008345,0.5195631205968487,66.10760225313368,42.38693660327337,0.5077117877599115,1.6353041778194701,1.5817349271756707
5.00,3,66.36586387369476,60.540429765294434,0.49880152135839617,61.94985412458605,60.38138970514781,0.49765621149994266,64.16128919063306,60.45785705680876,0.4982546564218688,0.0,0.0359998009002575
5.00,4,69.31538677917759,59.31997974558793,0.5111571444057715,73.12857059181948,59.67162652651961,0.5019913115353833,71.24802666078675,59.47519082369688,0.5071547503615694,0.0,3.0496030073801275
5.00,5,60.65102127424698,34.165843218006025,0.5194302453719883,61.15422470265475,37.24626628618837,0.47820417643816976,60.92848002041143,35.677349745314864,0.49845746825389664,1.6353041778194701,1.7327071649214738
5.00,6,27.513481113505232,65.40263357026201,0.46753927879391965,31.23625366732481,68.0711908073129,0.5486377015165201,29.30266791599405,66.74778243515625,0.4903476789640009,1.6353041778194701,2.519448596051437
5.00,7,73.0116439681628,58.67376367573731,0.5032930407961735,68.72514593694814,58.29306324366997,0.5109736262968415,70.86673364380327,58.467289301617484,0.5064343890718856,0.0,0.08859937119731177
5.00,8,71.34559260387489,42.387241165282795,0.5127501979924559,72.42321284590032,46.34081690870263,0.4884463681020415,71.680221325562,44.28166244415315,0.4929932851912721,1.6353041778194701,1.8368958029528208
5.00,9,61.10855234708705,61.28119008288365,0.5018995511293853,66.88729543444386,61.88825294470244,0.4978427148841792,64.01293877034858,61.58162971967349,0.4999702895731697,0.0,3.0369232114309126
5.00,10,20.851155799617022,70.15889371320138,0.5169702601227909,18.785639927224153,69.67237054216329,0.47944215476310437,19.58056383558606,70.00747594488783,0.5067845212094726,1.6353041778194701,0.23199175012820705
5.00,11,58.12532853434359,38.62802178183636,0.48207320845782714,58.43349189213796,36.043574795338365,0.48613832953920366,58.39373937544417,37.39202962352582,0.48289649965210013,1.6353041778194701,1.6894735012805349
5.00,12,30.28752266386915,62.6059270087194,0.5169941297946966,32.91199117326597,63.57963084355887,0.4802758708238205,31.643578322395186,63.27596152870322,0.5165830950108824,1.6353041778194701,2.7860929471072833
5.00,13,67.25442936380588,60.10612467027451,0.4998945923560254,69.93982283797266,60.35355757303281,0.48772811281519085,68.59081588592841,60.190178069545674,0.49358042309201466,0.0,3.0496014250864243
5.00,14,73.35107546572212,57.577816770714115,0.5009078176707973,78.36379098321724,57.213605470678374,0.4992612901191773,75.85743322446967,57.39571112069625,0.5000865926471554,0.0,3.0690618826755744
5.00,15,65.16365863661963,38.67861053855318,0.5120057766611317,65.08927187386085,45.49880134121552,0.48458403567063657,65.15013396163482,42.1909700932725,0.5008792160225044,1.6353041778194701,1.5598900025768516
5.00,16,67.63275480128424,61.24488216753745,0.5068250527697358,73.21485377129804,61.44716531854496,0.5043652832059389,70.40938725854056,61.3064884036869,0.5052082660240207,0.0,3.105367998255714
5.00,17,74.10001885023217,44.37385673387332,0.5092539905214412,72.83815402642563,49.73286891121099,0.51148390608206,73.27443550742757,46.994228887133985,0.5112497160218189,1.6353041778194701,1.3395428792587474
5.00,18,35.7428672953209,64.95750055660501,0.4838950267409223,33.3949586206349,64.41805965691881,0.5202200643478584,34.503717557410596,64.74187416396444,0.5068479819563945,1.6353041778194701,0.2263286980735371
5.00,19,17.56111456059939,70.28844869950066,0.5327711004259049,11.438964197437365,68.5363965146304,0.5270931633675394,14.909948173628777,69.54506198620825,0.5268038543778993,1.6353041778194701,0.27873385501082776
5.00,20,58.49840068105996,61.47295710179793,0.5009232886844933,62.881610119130116,62.90503259223899,0.5010449028285522,60.69015328701752,62.18723458754284,0.5009983748702858,0.0,2.8258072402140777
5.00,21,66.74873203504042,59.16637357615385,0.498607390251018,61.32414324870487,59.426377744384766,0.500554004820639,64.03614258199417,59.28984497027349,0.4995294929209625,0.0,0.047895355003426704
5.00,22,58.4756987997837,29.503684938984794,0.5177002819516587,58.93060884346035,33.368546225943916,0.5288239298275036,58.8697140688332,31.644655795945905,0.5221904400815753,1.6353041778194701,1.6879608587900665
5.00,23,65.72282078831577,33.78234700778905,0.47750219442323794,68.06705935304677,36.25018932363401,0.5263051584013387,66.79339574855379,35.04366988858479,0.5003035910797452,1.6353041778194701,2.3304163839755367
5.00,24,63.56789233149186,46.334480715620145,0.516361086838775,64.14183716075641,43.37218035728972,0.47735565654021667,63.93751500572753,44.643051649160775,0.48687048853134085,1.6353041778194701,1.7621586444406143
5.00,25,32.117577496286245,69.56860983365232,0.5273530969295878,30.28535614794576,70.03835055157285,0.4682241847099332,31.02364089355245,69.5880451853813,0.49441150876983164,1.6353041778194701,0.25286957504862556
5.00,26,21.645434038823097,65.14178262725271,0.5311817823197109,24.31445207861057,65.24220381416639,0.5343125323245291,22.837428377433767,65.2544317297484,0.5360499098412916,1.6353041778194701,3.1039673693065555
5.00,27,67.26547979491261,38.476257741925984,0.513796481402449,68.8309062847962,41.47344389454766,0.511556994151269,68.05162087307912,40.05154128257208,0.5299212868432273,1.6353041778194701,2.0521232468592303
5.00,28,23.35637656990533,69.63444528311763,0.552242851148735,17.986385148788095,68.41164093893403,0.5270474787944833,20.73760400864966,69.0422461646143,0.5422522221985923,1.6353041778194701,0.22393894339830508
5.00,29,56.409811550228234,30.414004468640563,0.4877715560932858,56.782488997868,33.59505883545855,0.5172767053481856,56.74018669904751,31.883555133253253,0.5072178580167698,1.6353041778194701,1.687415048790658
5.00,30,25.6908990412826,60.92004043491096,0.5207876509942047,20.522554305926423,60.084416446905145,0.514753680533885,23.078312725285098,60.670845816226276,0.5197539843319489,1.6353041778194701,0.1602981382085316
5.00,31,67.39976964079624,47.54528890446602,0.5323089911618597,66.07327890290149,50.98939315258973,0.5267699838839607,66.79382255745651,48.98382473987539,0.5357203050956025,1.6353041778194701,1.203158808937938
5.00,32,65.85707673232372,30.206693929107143,0.47741897784289883,62.812894158752464,26.950643486838153,0.500229176870934,64.20914404646712,28.73127552097131,0.49551919035631475,1.6353041778194701,0.8190263131321548
5.00,33,37.307776350687995,63.450776297706796,0.483312266323932,31.884664696865272,60.74104124220612,0.490861537848406,34.551961741302925,62.25222335897151,0.48978336834686587,1.6353041778194701,0.46338053029340076
5.00,34,63.344044810351626,30.719941413656688,0.4650148874820931,67.85822517502268,33.94448535871099,0.4673376065963821,65.43742902540542,32.407909358192384,0.4670206151014249,1.6353041778194701,2.521324064296641
5.00,35,69.88584932740966,50.82154704397063,0.5173352524826429,68.63289743638715,56.37438866875057,0.49239199467004835,69.21617301538231,53.41319557881586,0.5087924253469084,1.6353041778194701,1.3488734809271063
5.00,36,32.034297973323454,68.59603204152253,0.47397506796627525,36.503234353812516,68.09348443928596,0.4779285319566872,34.02323921559052,68.30191045020253,0.480417358544847,1.6353041778194701,3.029606159672934
5.00,37,63.91331691803703,50.84404708849772,0.5167300019484046,64.5577034560518,46.337382055176285,0.5216365763713517,64.30234100894802,48.46892644910046,0.5244121564192384,1.6353041778194701,1.7128188218697207
5.00,38,60.50585200779429,47.126568045934974,0.5098078110474306,58.716582524157296,42.91625511274177,0.4895506819488757,59.76682041553305,44.978042159603284,0.4988339990851056,1.6353041778194701,1.1689526818054907
5.00,39,17.465887240149737,62.979887276170565,0.5136673157927377,15.726009070641144,62.476332749308256,0.5103920453831934,16.59032673968919,62.797958937621274,0.5500587218298156,1.6353041778194701,0.2817274446529851
5.00,40,28.723331791505537,71.60562141401306,0.5561526679611708,23.212046655655875,71.57861898972993,0.5433583647398231,25.894661493478175,71.58190490021235,0.5550822158215889,1.6353041778194701,0.005421582399122094
5.00,41,13.69978729950659,70.19097450897847,0.5192597386110661,11.365023306584412,69.56927231494653,0.48258669237476515,12.645744366108062,69.85566877087884,0.49878005174088613,1.6353041778194701,0.2606740318551579
5.00,42,57.66127330543953,60.93282215934128,0.5017273260847745,53.72447894782092,59.779699557154885,0.49844864926155585,55.69322910681025,60.35648810947025,0.5000937958028797,0.0,0.284939775590598
5.00,43,16.316037983744756,65.91642176061009,0.47850997361382697,13.87384410708349,66.03321516434075,0.4894705056498329,15.16666134181349,65.9926995770459,0.49835256265334316,1.6353041778194701,0.04799638713411775
5.00,44,24.239985989662785,64.2808393563163,0.5249458712697853,21.460905984042007,62.43654995078655,0.5180887019409692,22.966460858633667,63.48589067475321,0.5752980745819138,1.6353041778194701,0.5859026666128369
5.00,45,69.7973119201138,47.27695815071043,0.5090042554580674,69.56866971711366,49.904492020968384,0.4661635815703804,69.61269792349822,48.661070234433225,0.49449051607472716,1.6353041778194701,1.484008652361292
5.00,46,60.26794776598954,44.07779824528826,0.5170469525929643,59.2148936255486,37.633483201629076,0.5229251575339835,59.82854510925957,40.771702884205894,0.5223925969465826,1.6353041778194701,1.4088197479898252
5.00,47,70.15837482815934,36.251134240098025,0.5038860466988303,73.92344531114472,40.40496862052824,0.48978774004364123,71.85737433415517,38.42319972110472,0.4965252652741651,1.6353041778194701,2.307137868587339
5.00,48,28.98985713565242,64.15528659355985,0.5503986647608717,33.57081945084333,67.44433257876938,0.5377692174940821,31.274177064763474,65.83899566305318,0.5392011093066844,1.6353041778194701,2.518896770786002
5.00,49,57.66955944981443,25.852540553062774,0.5057417602840659,61.19667149592332,28.02148437309765,0.5065058649612729,59.36660779524202,26.990893014289355,0.5045845827505382,1.6353041778194701,2.590263994636796
5.00,50,29.040773175579066,61.12492688620817,0.5166829649010718,34.72752499411569,63.23766357187751,0.5206834212657424,31.75907752494394,62.295532476878236,0.5242818317910505,1.6353041778194701,2.7858766687959347
5.00,51,62.5790335702306,35.72501428697639,0.46381982563215,60.69604237077359,32.20760401701149,0.49104723678535483,61.69808238772495,34.10000138587958,0.48706690177277445,1.6353041778194701,1.0792947300147535
5.00,52,60.51623730354843,38.13094880859875,0.4795654116801084,58.67649603970973,34.29809487368394,0.47992594969821356,59.653616421696995,36.19039122105224,0.48025717338958096,1.6353041778194701,1.1232824231997
5.00,53,70.7042457877509,51.731340414053705,0.4801274343063532,72.00225261586334,49.04799287647288,0.4809892618046721,71.20271327896124,50.365160219159826,0.4790904674860711,1.6353041778194701,2.0213407214150054
5.00,54,67.54503616109047,49.79668630897123,0.46277837661325427,68.93147160469171,46.20195448016822,0.470260853529311,68.16432747196727,48.09438867556047,0.4661689711795928,1.6353041778194701,1.9389011919318286
5.00,55,9.395301296286709,70.04666129786179,0.5066929255730076,15.12187885721624,71.57100792019938,0.5239086973397343,12.413503651905401,70.79318410494304,0.5135401388353263,1.6353041778194701,2.8814212862183908
5.00,56,65.2733500319744,36.767237617799616,0.4692792286835424,67.96760840809291,41.92139946874066,0.47210914180400615,66.5917339673458,39.31304187851916,0.4683268328284873,1.6353041778194701,2.0524656428015877
5.00,57,62.00557346186614,41.656194971872495,0.5248970279216313,62.46740251830034,47.683892907523216,0.5347882694174977,62.288305468769686,44.37696222659455,0.5309822386869393,1.6353041778194701,1.64726464400525
5.00,58,61.98380196577533,27.46664584395116,0.5076065165757164,65.13943864979518,30.83905253641472,0.5296449387563508,63.3693341924835,29.238703898661477,0.5178173529574014,1.6353041778194701,2.322990064896575
5.00,59,64.14362141999477,36.44195148516725,0.4770555288476403,64.15698136600481,42.410867064394544,0.5219023484099677,64.10814162750522,39.46658154112738,0.4932421794626263,1.6353041778194701,1.5730345133546952
5.00,60,69.29124701437888,36.69948120810283,0.49677089438281385,68.47002094361095,34.69999355927162,0.48479860510379724,68.69093814871374,35.73390896629128,0.49969947222744254,1.6353041778194701,1.1810906619157757
5.00,61,12.989866416702647,67.98431766275417,0.5210683301472052,17.87044151142695,69.37963917275839,0.5174708457944132,15.462746278099637,68.71521990459988,0.5229784934246141,1.6353041778194701,2.8631270387699215
5.00,62,17.07806221211944,68.15192001940878,0.4707471190139992,10.646901570241432,66.30494037147137,0.4845084390056098,14.237265769471911,67.30114649683483,0.47675505824929487,1.6353041778194701,0.27967293067923316
5.00,63,36.89702990266935,66.20671642122329,0.5286804190467975,31.82829546214588,65.03028496850297,0.46936813837407143,34.265665778390854,65.66329229595158,0.4976690751422914,1.6353041778194701,0.22833758579759436
5.00,64,25.962455268896406,67.82159098772347,0.46602055718446816,29.593048960762385,69.36402552083833,0.5409267784876011,27.619017460768326,68.58483848544586,0.49739970048940474,1.6353041778194701,2.7394304197680954
5.00,65,67.97608932946937,54.077286996412894,0.48304625658772865,68.65471317368812,49.52321120459769,0.537817169124706,68.24920531742127,51.832598939327795,0.5122999232499782,1.6353041778194701,1.718711890475024
5.00,66,24.493688024402623,66.15770935033723,0.4478806423829697,30.64021456183489,68.81733064815144,0.4431195282048868,27.394173091346254,67.46276018932988,0.4498038602751073,1.6353041778194701,2.7332149324291124
5.00,67,38.18985566314477,70.32402658763363,0.5173790784925141,35.62649217568824,71.53559238303457,0.5149331503218969,36.80649423336032,70.84414749413602,0.5478355331744575,1.6353041778194701,0.44152745181932007
5.00,68,34.42907799799133,67.03818075964352,0.47469254132643,40.76112789623954,67.33222933976046,0.4909484447738068,37.4351333305811,67.2032851571805,0.492736230987759,1.6353041778194701,3.0951171024615447
5.00,69,13.292686759495462,63.60989811807501,0.5149577938850997,16.026113041093897,63.58122485316963,0.5025707198463331,14.624654287123905,63.75554928280545,0.5044453961285197,1.6353041778194701,3.1301662732274784
5.00,70,19.36502345480787,61.37520027261751,0.492022518030957,23.55762459365741,61.541695167699146,0.4804837098307255,21.489117726680284,61.606835305140734,0.4834118922624741,1.6353041778194701,3.1018068056329056
5.00,71,55.73667513398751,33.0143308982268,0.4889658086816546,56.25867731748975,38.70176568218908,0.4883195861950825,56.1792869973107,35.83821692932677,0.48803963260634553,1.6353041778194701,1.6623215581413864
5.00,72,12.908365649325821,65.46303736590832,0.5132710047630565,14.476673383171631,64.55958286975533,0.4733018884869075,13.872730250471289,64.94961218757359,0.4831662382549312,1.6353041778194701,2.6185319042583224
5.00,73,27.525013421398796,60.37454456686748,0.4933642626522721,30.243985888161035,59.97050016578791,0.48813147950277064,28.796233728748117,60.35453803906174,0.49233521472877506,1.6353041778194701,2.994058154439631
5.00,74,57.19788461760851,38.2802658690073,0.5164747014187566,57.87170542717213,32.579956709100806,0.478908304290998,57.681407801568724,35.264942440233945,0.4977430457310659,1.6353041778194701,1.6884555559941374
5.00,75,25.225202539524965,68.4813630032677,0.5288200010618433,23.078192429651455,67.65198562491796,0.5356892967862051,24.175055197813727,68.16140599145697,0.5728654412942453,1.6353041778194701,0.3686469421867359
5.00,76,64.98423472206102,53.92379094060068,0.4810764592750734,65.20330197979246,48.73109151225284,0.4797497825683465,65.17278989204567,51.16656858997093,0.4784321714817392,1.6353041778194701,1.6129588720586292
5.00,77,33.795406054579104,71.09218280976762,0.5188634931608584,29.663890032553752,71.50270124074908,0.468686476766441,31.334964316741146,71.11681561020966,0.4922107603896487,1.6353041778194701,0.0997697791561194
5.00,78,68.17237482094696,42.85197308467438,0.5235656496121234,66.19818308362001,48.0339746623849,0.4592986172887611,67.28022794090668,45.109058612677785,0.489687233689792,1.6353041778194701,1.206826791963898
5.00,79,61.50135218385599,49.911767249048346,0.514815761363956,59.46782882852551,47.3952732558119,0.5106531439196645,60.73323955658026,48.65920369095221,0.5128483285265576,1.6353041778194701,0.8911498347887461
5.00,80,36.23259876337487,61.8276129802513,0.5105338635692583,42.410438940435604,64.40074231653146,0.49645289305915236,39.2835010136544,63.21213313017432,0.5028775843867642,1.6353041778194701,2.7469301147007057
5.00,81,70.96517024776185,35.68323485421087,0.48714272781846046,67.9210329659038,29.984292044535533,0.4872288090516836,69.23158617697356,32.979612878304906,0.4868449127696577,1.6353041778194701,1.0801969893679506
5.00,82,62.664041773040275,30.043578999489895,0.5187538403290971,57.40732911159946,26.813180144479436,0.4792213986358376,60.09922191258107,28.627955394700994,0.5001219334564971,1.6353041778194701,0.5510670627048515
5.00,83,63.19040704760535,40.75700852688896,0.5161853844815462,63.14223542558846,36.5245093259619,0.4948358327511192,63.12615921993539,38.727762141704886,0.4964391183198511,1.6353041778194701,1.5594155970729
5.00,84,25.50304266576973,61.87855403695343,0.47181466456368154,31.594877972173098,64.09753436253101,0.4656296558917909,28.589152706898133,63.14298398381579,0.4734573423279357,1.6353041778194701,2.7922742883014626
5.00,85,73.00269179169608,44.77948287972658,0.49825705462460923,71.46433823294973,39.13807370233271,0.5161173321670206,72.08648026305042,41.98055717776567,0.5079914148596569,1.6353041778194701,1.3045806233839898
5.00,86,57.752302672779365,31.604971226006352,0.5167071886872036,55.85857952061068,24.866852127861478,0.5162497122576591,56.9763752055449,28.35924907520621,0.5139528390874175,1.6353041778194701,1.296817694235687
5.00,87,70.52191554466576,49.92405237181,0.5289986288489528,70.988395899187,44.76268416072849,0.5126903643670342,70.65050970131892,47.40895023293447,0.5301958563242619,1.6353041778194701,1.6609301986443659
5.00,88,61.228684545959894,43.93884520822863,0.4787004437763731,61.57678036498285,48.47050759619725,0.47346448811045455,61.512723622571315,46.29940368440633,0.4751239081730977,1.6353041778194701,1.6474598854120566
5.00,89,10.587998662347626,68.98736031769668,0.5123926922207561,5.7109426074178264,66.81126471684287,0.49559408543643724,8.483029846147229,67.9229379242343,0.5047168688498792,1.6353041778194701,0.419692436030226
5.00,90,62.22526456945175,40.72756492611616,0.4741665550661146,62.08457512160724,36.53988809176655,0.531865783747188,62.156754743806744,38.61298766521841,0.5043489397466495,1.6353041778194701,1.5372160817304095
5.00,91,18.45393195721657,70.59261500700723,0.4661615353343896,22.268302266932658,71.57843815453639,0.4650238143570018,20.525461111596208,71.1830835489852,0.4742401195088751,1.6353041778194701,2.8886770466646414
5.00,92,70.43165652653335,42.07320507026939,0.4749171865339799,67.62254408364201,37.09763539024437,0.47265807557331696,68.95412322509429,39.548397107251525,0.4801997091551303,1.6353041778194701,1.0568274459507747
5.00,93,63.59480264242476,35.64526638787542,0.5363743424113384,61.663892837618576,31.99071290289104,0.5408406508185993,62.71849193546183,34.03156777979172,0.5369305321451728,1.6353041778194701,1.08472142930469
5.00,94,24.058735531220503,69.02594524940663,0.45031462870824507,27.9602488744918,70.69342331814966,0.4329574897468746,26.019080078034783,69.91521941551929,0.4382918916139168,1.6353041778194701,2.73767759197675
5.00,95,66.49563327776143,29.36390402905024,0.515499287236688,68.86971520021063,33.80062505079199,0.5224160011384026,67.50646863123143,31.74249195268858,0.5181598254019375,1.6353041778194701,2.0621262574721437
5.00,96,67.28292461119618,50.73369830056545,0.5156958079160121,66.673874529246,56.35038481874079,0.48734400116420046,66.95578122370789,53.38144329646397,0.50221310621251,1.6353041778194701,1.462783893699291
5.00,97,64.93425156058596,35.88450615779472,0.5329360643371729,63.162664956611074,32.86989889867308,0.444363521907345,64.07234719976717,34.61835660693387,0.48975238663484766,1.6353041778194701,1.0396826606130516
5.00,98,65.05502701953598,33.08648639416873,0.5485425049128516,60.44800857794323,29.79980195791569,0.5318176287966325,62.81481962968749,31.670476522928666,0.5395776645216466,1.6353041778194701,0.6196742664497871
5.00,99,26.74828449216091,64.82579204312776,0.48004609063200065,23.243218721776106,62.47994956187911,0.47703712971456314,25.1232996983636,63.77980289671798,0.47662140911658635,1.6353041778194701,0.589804528173656
5.00,100,12.066141153625606,67.70599760770665,0.473790495783966,8.256105770361614,66.82841925896564,0.5031848466032803,10.472615988417115,67.33183835346287,0.48687624434421883,1.6353041778194701,0.22650765912709062
5.00,101,67.74222932311883,46.64835407115887,0.5252593491363972,69.42413841539144,42.236776411137924,0.5228118974458849,68.56484663026522,44.38366809073794,0.5200928600804042,1.6353041778194701,1.9350341394337622
5.00,102,71.51181583895358,52.27083041119485,0.5143799680952019,69.37618248907798,57.374390020013976,0.48711007114658034,70.33663415956724,54.887608635371016,0.5003646846928271,1.6353041778194701,1.1744835841617514
5.00,103,20.77075964463078,64.77651641894717,0.4728335408929255,15.325398916515502,64.99678275987488,0.5264476733371832,18.14537741190012,64.90304479178491,0.49881240902828416,1.6353041778194701,0.0416072753253908
5.00,104,28.176826409579334,64.64416952614272,0.4793707013435588,25.907084779418174,63.06877476151613,0.5151874517658145,27.12044448798455,63.9674276201418,0.4987701862472965,1.6353041778194701,0.6068664991042971
5.00,105,37.55384282884925,65.50827925365772,0.4780406929425274,40.751252806485454,66.34936837294893,0.4952170415699307,38.98853632454927,65.99355645709775,0.4879920004078251,1.6353041778194701,2.8843155028072784
5.00,106,57.48240759277539,24.895931334877773,0.5069435728724131,54.84928961684509,21.888281370449008,0.4958800445318541,56.20251973285936,23.53724465558313,0.5014382104529997,1.6353041778194701,0.8517015407832104
5.00,107,60.935440883951856,39.00978513436669,0.5151288174739903,61.07022524789798,42.86746724904363,0.4847377555902102,60.983051802949795,40.71535012680293,0.4970663170036357,1.6353041778194701,1.6057202466051446
5.00,108,31.780831835897217,67.33148358209176,0.4625140014403392,28.969623875847983,65.24388220933817,0.45886971366164614,30.317046084258337,66.30443272213594,0.48075635174033937,1.6353041778194701,0.638748611424703
5.00,109,25.092242560258832,67.42646631268116,0.5395003950510889,21.585697312035073,66.09964179545779,0.4698191811745399,23.43287447375926,66.7965840471091,0.49354424986217105,1.6353041778194701,0.36219119152129126
5.00,110,59.912873034289305,33.53846136733202,0.4722463522468557,59.4127151205844,29.3061384741831,0.4776214669193929,59.819814655202386,31.520879866126315,0.475888939989846,1.6353041778194701,1.453166239004315
5.00,111,56.14347751532063,29.476058073787634,0.5088620302515923,54.92167060914121,25.1276821073347,0.49095787294041165,55.68788437489913,27.402523462961874,0.4996460571808799,1.6353041778194701,1.2968812604719635
5.00,112,67.79630434404214,55.02794158984208,0.5171729569884473,67.47163780970199,58.02375379594156,0.49536707451235257,67.61510703752526,56.33320161925511,0.5061456882793337,1.6353041778194701,1.462847014348002
5.00,113,65.93149449209038,54.1587991612742,0.5156311973675943,65.557249789779,56.39670001920286,0.501183340995683,65.73801304294797,55.230239969455894,0.5081874921033155,1.6353041778194701,1.405102746002171
5.00,114,26.586685437729372,60.088331423248384,0.48949785181381233,21.962702303942272,59.3407223286089,0.49149694535140315,24.377053138770137,59.925887971397145,0.49410565469111745,1.6353041778194701,0.16029419830497807
5.00,115,58.53230053207345,39.522049982052025,0.5102421025825633,57.36875231635488,43.790031452207025,0.49409541563309484,57.93982429158745,41.588804487597,0.5019675771937127,1.6353041778194701,1.304643520073927
5.00,116,36.386699834374994,64.2306405699806,0.5172933683459692,41.077702926646815,65.37007101105573,0.5072997246385151,38.63210008896144,64.91897877271052,0.5101224400679114,1.6353041778194701,2.903301464184688
5.00,117,18.972445338856634,62.30165653845392,0.5057999861172484,16.148343583333713,61.57179488902735,0.49152637911311964,17.553035885290207,62.00504888625676,0.4990509940840411,1.6353041778194701,0.25295286793096716
5.00,118,66.35067294015207,44.93718468170585,0.5163261133979068,65.30424294882873,47.75686827335833,0.535330443694418,65.70852633275777,46.386943120372365,0.5312087300830691,1.6353041778194701,1.2154424641185941
5.00,119,61.19444671507357,26.878542666077443,0.5078033268899925,59.5257158201708,25.721200182933053,0.4969237402067418,60.39978925533212,26.40212503960092,0.5035008951072191,1.6353041778194701,0.606402307479684
5.00,120,62.09678166773553,50.68271654017858,0.5080054403285298,64.03344973600232,53.398657799367314,0.5144561583907451,63.15191403562626,51.89511186023355,0.5137901006178629,1.6353041778194701,2.190241905122812
5.00,121,33.06697427827549,69.44183030626995,0.4788459285199498,37.759516040782636,68.89392914390793,0.5219695187360324,35.03754695136794,69.16757527882015,0.5052704783118214,1.6353041778194701,3.0250027294797093
5.00,122,12.376382515537566,63.9863453497063,0.5089824116379159,8.342191293922424,64.82288522154191,0.504269223545058,10.512298722122871,64.58796012925167,0.5074980349389437,1.6353041778194701,0.20446789027522758
5.00,123,34.274359974564824,70.25502246737058,0.5088269945359151,36.682571033571286,69.98102942637875,0.47561899638619426,35.19855930702535,70.1529956688806,0.48910837459787326,1.6353041778194701,3.0274834051489474
5.00,124,69.17070846267733,37.66650460562496,0.5108480556886483,71.00939507741805,41.140341069132155,0.48670557808089804,70.06549803016725,39.317728675404794,0.49684188323934286,1.6353041778194701,2.0575948937833655
5.00,125,63.16157841837455,41.72961445012968,0.5022823961688272,63.1243318796788,43.51529096980762,0.5132123756317437,63.16335154928038,42.535925024339065,0.5145684291118773,1.6353041778194701,1.549941238776671
5.00,126,14.633996827751425,70.43706187177119,0.46811359737491204,18.32596948371301,71.54899911982451,0.5138440836346099,16.362660541411998,71.00105164420461,0.4851627063342254,1.6353041778194701,2.8488229822883184
5.00,127,12.031438288810886,65.04233944961128,0.4940213921315913,7.830459730424178,65.91269858409376,0.5107509404907845,10.149628905363546,65.6452547448217,0.5026770351020753,1.6353041778194701,0.20432656173143376
5.00,128,63.477166762777735,47.29590761142479,0.46542913288579296,63.04017978150456,50.22469622682468,0.4817646577244366,63.34296982241961,48.641257337988804,0.4886419684882554,1.6353041778194701,1.422687222704494
5.00,129,66.80342355886496,37.61169452903502,0.5252379249417023,65.73841671121778,35.312702688612085,0.5105870911029357,66.28789711953887,36.47182589055224,0.5333777392008258,1.6353041778194701,1.1369866412070673
5.00,130,69.88467865647348,46.309485931558946,0.5212719206396882,70.18107859343178,43.01384828668784,0.48842633733286617,70.02309040956038,44.66284347882491,0.5040677111523286,1.6353041778194701,1.6604876287336974
5.00,131,21.760135844507335,70.48110553899342,0.5022234893804238,25.501296610196796,70.66743335289782,0.4576512179494023,23.556827622098716,70.49561066216191,0.4921603963896174,1.6353041778194701,3.0904273559682354
5.00,132,29.369159295761822,62.276077887042945,0.5212275852781983,26.608842283482602,61.268023010150564,0.4925667945998261,27.97196855374138,61.934096165799936,0.5218951648947328,1.6353041778194701,0.35027741316624234
5.00,133,18.424463290719356,63.16958712694732,0.5152630899883213,22.39320127748694,64.20547826756959,0.4792071708016154,20.455390083916114,63.77790356736037,0.525382816714189,1.6353041778194701,2.886128250000881
5.00,134,17.27324207863692,66.06016285977866,0.5093398522996744,20.68441679875823,65.76686660535731,0.5204777823986082,19.153832182487808,65.96876565050653,0.5136149009434148,1.6353041778194701,3.0557610657757888
5.00,135,25.223646694044035,64.95813391968495,0.5125466185502758,27.302740062061293,66.35825153462419,0.5515641518117732,26.27166572433536,65.7133230408371,0.5924976375549245,1.6353041778194701,2.5487445641117765
5.00,136,38.88941657936529,69.5946364682857,0.5132791137006314,41.379337060560545,68.09514789516962,0.49584542242224094,40.09100152303801,68.77502798125116,0.5344506860853321,1.6353041778194701,2.599509978391063
5.00,137,26.10124965835448,68.88737864464493,0.5462433049379243,29.367101838948102,70.3029838766155,0.5486183775409659,27.852220676193472,69.70485611117924,0.574890296161696,1.6353041778194701,2.732580523687607

